,date,sum_xy
1,2017-03-14,0.8525362162395214
2,2017-03-15,1.607626277093192
3,2017-03-16,3.6386664047125366
4,2017-03-17,8.265376899221566
5,2017-03-18,10.731331075600359
6,2017-03-19,12.343366435014039
7,2017-03-20,12.97294168865732
8,2017-03-21,13.16515251041302
9,2017-03-22,13.35736333216871
10,2017-03-23,15.0937469303405
11,2017-03-24,15.84510902680265
12,2017-03-25,20.50598555380913
13,2017-03-26,22.475955350531923
14,2017-03-27,23.829771438484784
15,2017-03-28,23.98828957624826
16,2017-03-29,24.87723614382136
17,2017-03-30,27.245351005900478
18,2017-03-31,27.841112703225843
19,2017-04-01,30.08404337535996
20,2017-04-02,33.56226030361501
21,2017-04-03,34.40475197848321
22,2017-04-04,35.247243653351404
23,2017-04-05,36.08973532821961
24,2017-04-06,37.87427616552203
25,2017-04-07,38.43745730867226
26,2017-04-08,40.22331536574175
27,2017-04-09,40.46236858157453
28,2017-04-10,40.70142179740732
29,2017-04-11,40.94047501324011
30,2017-04-12,41.1795282290729
31,2017-04-13,41.41858144490568
32,2017-04-14,41.87773392502531
33,2017-04-15,45.7990593387088
34,2017-04-16,48.01302975404862
35,2017-04-17,49.825499064133616
36,2017-04-18,51.737721070073306
37,2017-04-19,52.90668171953933
38,2017-04-20,54.99997051949026
39,2017-04-21,56.93857543024438
40,2017-04-22,58.39428316189933
41,2017-04-23,59.2477103702774
42,2017-04-24,61.97982255684662
43,2017-04-25,64.9252559714734
44,2017-04-26,66.90429108990865
45,2017-04-27,67.9575987372748
46,2017-04-28,69.63647038216013
47,2017-04-29,73.11954904908684
48,2017-04-30,75.46098536041373
49,2017-05-01,75.6752585505239
50,2017-05-02,75.96165687454133
51,2017-05-03,77.14411025628627
52,2017-05-04,77.88894446602694
53,2017-05-05,79.18159484412612
54,2017-05-06,80.86348247414188
55,2017-05-07,82.3668563464704
56,2017-05-08,84.37376541267145
57,2017-05-09,86.73020722184052
58,2017-05-10,88.60606489234753
59,2017-05-11,89.64611296815941
60,2017-05-12,92.95363908294672
61,2017-05-13,95.60431522310415
62,2017-05-14,96.86446918195203
63,2017-05-15,98.70803312171654
64,2017-05-16,100.3063963470192
65,2017-05-17,104.1463996022262
66,2017-05-18,105.3441608472162
67,2017-05-19,105.80158406481671
68,2017-05-20,106.3342640813369
69,2017-05-21,109.01194535437901
70,2017-05-22,111.2009734492192
71,2017-05-23,112.01274312098579
72,2017-05-24,113.9125746924679
73,2017-05-25,116.2288909489406
74,2017-05-26,116.8691986874539
75,2017-05-27,118.5395618216256
76,2017-05-28,119.1969460319623
77,2017-05-29,122.22717259114891
78,2017-05-30,124.1999676894802
79,2017-05-31,125.48490859279059
80,2017-06-01,126.7698494961009
81,2017-06-02,129.086616640205
82,2017-06-03,130.39069370847972
83,2017-06-04,131.8492957789568
84,2017-06-05,132.0719816563715
85,2017-06-06,133.4650735413526
86,2017-06-07,135.1384921978758
87,2017-06-08,136.0853908196934
88,2017-06-09,137.5098745858346
89,2017-06-10,139.1540217811915
90,2017-06-11,140.1344997258695
91,2017-06-12,141.3701776774411
92,2017-06-13,142.3824627163506
93,2017-06-14,143.2969226662664
94,2017-06-15,143.8601277798795
95,2017-06-16,144.5196131853284
96,2017-06-17,147.4892387509511
97,2017-06-18,148.38780316155282
98,2017-06-19,150.19939362299817
99,2017-06-20,151.56015003029532
100,2017-06-21,153.6513219505352
101,2017-06-22,154.9119582977821
102,2017-06-23,157.7162173799641
103,2017-06-24,160.2063876552665
104,2017-06-25,160.63176513468918
105,2017-06-26,161.5267852461951
106,2017-06-27,163.84445649121668
107,2017-06-28,164.5466907826038
108,2017-06-29,165.34222393716118
109,2017-06-30,166.76572279560818
110,2017-07-01,167.3271022473954
111,2017-07-02,167.8884816991826
112,2017-07-03,168.4498611509698
113,2017-07-04,169.7505202146756
114,2017-07-05,170.8963806992024
115,2017-07-06,172.04224118372917
116,2017-07-07,174.70845797911548
117,2017-07-08,175.58019475131218
118,2017-07-09,178.3654209539751
119,2017-07-10,181.0374630569368
120,2017-07-11,183.5922929925686
121,2017-07-12,190.45542179800418
122,2017-07-13,193.7465159929491
123,2017-07-14,197.037610187894
124,2017-07-15,201.3916272985632
125,2017-07-16,208.6470127466286
126,2017-07-17,221.8772902191535
127,2017-07-18,243.7796079275605
128,2017-07-19,284.84204191533087
129,2017-07-20,342.5330485801483
130,2017-07-21,411.45298988163216
131,2017-07-22,482.21370488649916
132,2017-07-23,549.0065640332672
133,2017-07-24,614.5180716712388
134,2017-07-25,676.7104843998022
135,2017-07-26,731.4868008604773
136,2017-07-27,788.5154119605205
137,2017-07-28,838.0822091235408
138,2017-07-29,884.7602632817852
139,2017-07-30,929.2171215828392
140,2017-07-31,964.6251306485859
141,2017-08-01,1001.6277917691051
142,2017-08-02,1042.526132199984
143,2017-08-03,1074.116970254711
144,2017-08-04,1111.706812566165
145,2017-08-05,1147.709451413894
146,2017-08-06,1184.368740345896
147,2017-08-07,1220.453617732413
148,2017-08-08,1252.2044900038961
149,2017-08-09,1298.9304651569091
150,2017-08-10,1327.326843997353
151,2017-08-11,1355.723222837797
152,2017-08-12,1390.444237756719
153,2017-08-13,1429.248369315098
154,2017-08-14,1465.4050249817942
155,2017-08-15,1497.703730095157
156,2017-08-16,1533.0755276887198
157,2017-08-17,1567.294410209925
158,2017-08-18,1602.050697770595
159,2017-08-19,1640.4316514976722
160,2017-08-20,1683.98141395397
161,2017-08-21,1738.0230345648472
162,2017-08-22,1792.0646551757252
163,2017-08-23,1841.854982077644
164,2017-08-24,1909.691106708993
165,2017-08-25,1979.655542567506
166,2017-08-26,2049.088330679464
167,2017-08-27,2127.767445582976
168,2017-08-28,2212.985289782415
169,2017-08-29,2296.1802688857238
170,2017-08-30,2390.868019244469
171,2017-08-31,2513.9762126974233
172,2017-09-01,2637.0844061503767
173,2017-09-02,2793.776005982659
174,2017-09-03,2962.5043959737923
175,2017-09-04,3127.404746977058
176,2017-09-05,3263.144088072409
177,2017-09-06,3396.479573656704
178,2017-09-07,3518.005844207561
179,2017-09-08,3633.8123111470204
180,2017-09-09,3740.465679481077
181,2017-09-10,3840.1468042590413
182,2017-09-11,3939.9973026053194
183,2017-09-12,4037.1285406340808
184,2017-09-13,4118.802823012318
185,2017-09-14,4200.338165048763
186,2017-09-15,4280.793421607921
187,2017-09-16,4342.529024310089
188,2017-09-17,4401.741741879882
189,2017-09-18,4466.962115291876
190,2017-09-19,4533.271265980147
191,2017-09-20,4595.749121104985
192,2017-09-21,4657.380072330809
193,2017-09-22,4728.924538084632
194,2017-09-23,4800.828483779566
195,2017-09-24,4872.7324294745
196,2017-09-25,4955.183507120581
197,2017-09-26,5041.530931199125
198,2017-09-27,5130.795891009792
199,2017-09-28,5220.740719076781
200,2017-09-29,5304.371497382379
201,2017-09-30,5402.349451377142
202,2017-10-01,6339.6038463135865
203,2017-10-02,6797.919507520594
204,2017-10-03,6903.291340360149
205,2017-10-04,7881.979993291316
206,2017-10-05,7959.513393900343
207,2017-10-06,8034.9335752114475
208,2017-10-07,8110.0692617059485
209,2017-10-08,8180.667676489854
210,2017-10-09,8255.383794121859
211,2017-10-10,8323.285992895171
212,2017-10-11,8391.188191668478
213,2017-10-12,8459.090390441786
214,2017-10-13,8526.992589215095
215,2017-10-14,8594.894787988405
216,2017-10-15,8662.796986761712
217,2017-10-16,8730.69918553502
218,2017-10-17,8798.60138430833
219,2017-10-18,8866.503583081638
220,2017-10-19,8934.405781854946
221,2017-10-20,9002.307980628255
222,2017-10-21,9070.210179401563
223,2017-10-22,9138.112378174872
224,2017-10-23,9206.01457694818
225,2017-10-24,9273.916775721491
226,2017-10-25,9341.8189744948
227,2017-10-26,9409.721173268106
228,2017-10-27,9477.623372041417
229,2017-10-28,9545.525570814723
230,2017-10-29,9613.427769588032
231,2017-10-30,9681.32996836134
232,2017-10-31,9749.232167134649
233,2017-11-01,9817.134365907958
234,2017-11-02,10016.04011822579
235,2017-11-03,10206.064737486371
236,2017-11-04,10478.22939607837
237,2017-11-05,10509.2211351067
238,2017-11-06,10538.878575741379
239,2017-11-07,10569.88663808007
240,2017-11-08,10599.46483195664
241,2017-11-09,10628.93922660691
242,2017-11-10,10650.483523459001
243,2017-11-11,10672.02782031108
244,2017-11-12,10693.57211716316
245,2017-11-13,10715.11641401525
246,2017-11-14,10736.660710867329
247,2017-11-15,10758.20500771942
248,2017-11-16,10779.7493045715
249,2017-11-17,10801.293601423578
250,2017-11-18,10822.83789827567
251,2017-11-19,10844.38219512775
252,2017-11-20,10865.92649197984
253,2017-11-21,10887.47078883192
254,2017-11-22,10909.015085684001
255,2017-11-23,10930.55938253609
256,2017-11-24,10952.10367938817
257,2017-11-25,10973.64797624025
258,2017-11-26,10995.192273092342
259,2017-11-27,11016.736569944422
260,2017-11-28,11038.28086679651
261,2017-11-29,11059.825163648591
262,2017-11-30,11081.369460500671
263,2017-12-01,11102.913757352759
264,2017-12-02,11105.96179683104
265,2017-12-03,11111.5138918144
266,2017-12-04,11130.900407890158
267,2017-12-05,11135.75869328729
268,2017-12-06,11138.891851757591
269,2017-12-07,11141.267968968501
270,2017-12-08,11144.731796331409
271,2017-12-09,11147.046748814719
272,2017-12-10,11147.72359919455
273,2017-12-11,11148.40044957438
274,2017-12-12,11149.07729995421
275,2017-12-13,11149.75415033403
276,2017-12-14,11150.43100071386
277,2017-12-15,11151.107851093691
278,2017-12-16,11151.78470147352
279,2017-12-17,11152.46155185334
280,2017-12-18,11153.138402233171
281,2017-12-19,11153.815252613
282,2017-12-20,11154.49210299283
283,2017-12-21,11155.16895337265
284,2017-12-22,11155.84580375248
285,2017-12-23,11156.52265413231
286,2017-12-24,11157.19950451214
287,2017-12-25,11157.87635489196
288,2017-12-26,11158.55320527179
289,2017-12-27,11159.23005565162
290,2017-12-28,11159.90690603145
291,2017-12-29,11160.58375641127
292,2017-12-30,11161.260606791102
293,2017-12-31,11161.93745717093
294,2018-01-01,11162.614307550759
295,2018-01-02,11163.36250070764
296,2018-01-03,11163.855972084719
297,2018-01-04,11164.8082036742
298,2018-01-05,11165.66909274951
299,2018-01-06,11166.807340964971
300,2018-01-07,11167.516139165371
301,2018-01-08,11168.224937365772
302,2018-01-09,11168.93373556617
303,2018-01-10,11169.90983443411
304,2018-01-11,11171.46902973939
305,2018-01-12,11173.127399119228
306,2018-01-13,11174.36753217661
307,2018-01-14,11174.716606667229
308,2018-01-15,11175.04480477813
309,2018-01-16,11176.57874415112
310,2018-01-17,11177.60790157348
311,2018-01-18,11179.361641862119
312,2018-01-19,11181.00353162699
313,2018-01-20,11182.16460871315
314,2018-01-21,11183.425073706709
315,2018-01-22,11184.13989536279
316,2018-01-23,11184.412840011479
317,2018-01-24,11184.685784660182
318,2018-01-25,11184.95872930887
319,2018-01-26,11185.231673957558
320,2018-01-27,11185.50461860625
321,2018-01-28,11185.777563254942
322,2018-01-29,11186.05050790364
323,2018-01-30,11186.32345255233
324,2018-01-31,11186.596397201021
325,2018-02-01,11186.86934184971
326,2018-02-02,11187.142286498402
327,2018-02-03,11187.415231147099
328,2018-02-04,11187.68817579579
329,2018-02-05,11187.96112044448
330,2018-02-06,11188.234065093171
331,2018-02-07,11188.507009741861
332,2018-02-08,11188.80320488446
333,2018-02-09,11189.09940002706
334,2018-02-10,11189.395595169659
335,2018-02-11,11189.691790312258
336,2018-02-12,11189.98798545487
337,2018-02-13,11190.284180597471
338,2018-02-14,11190.58037574007
339,2018-02-15,11190.87657088267
340,2018-02-16,11191.17276602527
341,2018-02-17,11191.468961167871
342,2018-02-18,11191.765156310472
343,2018-02-19,11192.06135145307
344,2018-02-20,11192.357546595671
345,2018-02-21,11192.653741738271
346,2018-02-22,11192.949936880868
347,2018-02-23,11193.246132023469
348,2018-02-24,11193.54232716607
349,2018-02-25,11193.83852230867
350,2018-02-26,11194.13471745127
351,2018-02-27,11194.430912593869
352,2018-02-28,11194.88803162925
353,2018-03-01,11195.34515066462
354,2018-03-02,11195.80226969999
355,2018-03-03,11196.25938873536
356,2018-03-04,11196.85185247265
357,2018-03-05,11197.444316209941
358,2018-03-06,11198.036779947219
359,2018-03-07,11198.629243684509
360,2018-03-08,11199.221707421799
361,2018-03-09,11202.57759806364
362,2018-03-10,11203.6826093758
363,2018-03-11,11204.93238535572
364,2018-03-12,11206.094057426491
365,2018-03-13,11207.86980966146
366,2018-03-14,11209.336715248059
367,2018-03-15,11211.598467002781
368,2018-03-16,11214.660695766279
369,2018-03-17,11216.178722445891
370,2018-03-18,11218.89764962403
371,2018-03-19,11222.957186789758
372,2018-03-20,11225.329427924222
373,2018-03-21,11225.88949220624
374,2018-03-22,11227.06696280036
375,2018-03-23,11228.416330800572
376,2018-03-24,11230.57592057643
377,2018-03-25,11233.13943086508
378,2018-03-26,11233.69931120944
379,2018-03-27,11235.76491136436
380,2018-03-28,11237.9315354665
381,2018-03-29,11239.93378669949
382,2018-03-30,11241.59416015146
383,2018-03-31,11242.938243854209
384,2018-04-01,11244.28232755696
385,2018-04-02,11248.27642482668
386,2018-04-03,11249.333690167081
387,2018-04-04,11249.912836089958
388,2018-04-05,11252.009200800601
389,2018-04-06,11253.83912593568
390,2018-04-07,11255.273474916929
391,2018-04-08,11257.32626643094
392,2018-04-09,11257.93005861373
393,2018-04-10,11259.15544671552
394,2018-04-11,11261.5235024581
395,2018-04-12,11262.24788561638
396,2018-04-13,11262.972268774658
397,2018-04-14,11263.69665193294
398,2018-04-15,11264.42103509122
399,2018-04-16,11265.1454182495
400,2018-04-17,11267.11890501156
401,2018-04-18,11268.814759073679
402,2018-04-19,11270.029027577759
403,2018-04-20,11271.889058760291
404,2018-04-21,11272.33314996714
405,2018-04-22,11274.96598209244
406,2018-04-23,11277.53886296803
407,2018-04-24,11278.315947262041
408,2018-04-25,11278.645534883171
409,2018-04-26,11279.96544472857
410,2018-04-27,11282.247061041631
411,2018-04-28,11284.262244407979
412,2018-04-29,11285.0879235224
413,2018-04-30,11286.58251410179
414,2018-05-01,11287.02290029594
415,2018-05-02,11287.2142246279
416,2018-05-03,11287.58685044558
417,2018-05-04,11288.54947290532
418,2018-05-05,11290.953465001821
419,2018-05-06,11292.0127633545
420,2018-05-07,11293.602783794619
421,2018-05-08,11294.577118952559
422,2018-05-09,11295.370156782681
423,2018-05-10,11297.1863707018
424,2018-05-11,11298.98836071287
425,2018-05-12,11299.78084099654
426,2018-05-13,11300.66203337054
427,2018-05-14,11301.97050155892
428,2018-05-15,11305.088804943769
429,2018-05-16,11306.87126896866
430,2018-05-17,11307.782874694829
431,2018-05-18,11308.02108678521
432,2018-05-19,11310.06502734207
433,2018-05-20,11310.6215316098
434,2018-05-21,11312.862143133469
435,2018-05-22,11313.96714720586
436,2018-05-23,11314.818668785148
437,2018-05-24,11315.54943892685
438,2018-05-25,11317.03324484408
439,2018-05-26,11318.073083773921
440,2018-05-27,11320.11070199135
441,2018-05-28,11320.983422450601
442,2018-05-29,11322.412241543421
443,2018-05-30,11324.11044353376
444,2018-05-31,11326.66052451286
445,2018-06-01,11327.12216181638
446,2018-06-02,11329.375395936491
447,2018-06-03,11332.19054708696
448,2018-06-04,11333.951988542129
449,2018-06-05,11334.77270530204
450,2018-06-06,11335.31304686069
451,2018-06-07,11337.829539856899
452,2018-06-08,11340.20939300363
453,2018-06-09,11342.160632865869
454,2018-06-10,11344.5240562304
455,2018-06-11,11346.22641518198
456,2018-06-12,11347.92178534805
457,2018-06-13,11352.03269497975
458,2018-06-14,11353.11096071694
459,2018-06-15,11353.62406207145
460,2018-06-16,11356.47106066646
461,2018-06-17,11360.71721327794
462,2018-06-18,11370.280294057691
463,2018-06-19,11396.435697361789
464,2018-06-20,11470.043559068272
465,2018-06-21,11633.0576574923
466,2018-06-22,11865.178817600548
467,2018-06-23,12113.32155726665
468,2018-06-24,12327.975073065949
469,2018-06-25,12529.31676821378
470,2018-06-26,12701.22597867674
471,2018-06-27,12881.107412098869
472,2018-06-28,13051.46956025685
473,2018-06-29,13223.46969168122
474,2018-06-30,13401.27922102371
475,2018-07-01,13593.26602770844
476,2018-07-02,13853.78585834759
477,2018-07-03,14114.30568898674
478,2018-07-04,14293.903261567768
479,2018-07-05,14584.95631814166
480,2018-07-06,14940.935153092558
481,2018-07-07,15145.234750040268
482,2018-07-08,15376.56618356586
483,2018-07-09,15597.87462082029
484,2018-07-10,15797.418317260439
485,2018-07-11,15989.19338271474
486,2018-07-12,16174.579777860119
487,2018-07-13,16366.763475066731
488,2018-07-14,16535.910200406
489,2018-07-15,16707.81268047246
490,2018-07-16,16878.50069308026
491,2018-07-17,17041.825594516016
492,2018-07-18,17241.17548740789
493,2018-07-19,17464.563943913592
494,2018-07-20,17692.542494080048
495,2018-07-21,17910.23914579982
496,2018-07-22,18100.84737972743
497,2018-07-23,18251.78972485629
498,2018-07-24,18401.348921176683
499,2018-07-25,18534.070418097857
500,2018-07-26,18644.13444950231
501,2018-07-27,18741.13157124311
502,2018-07-28,18863.256006277632
503,2018-07-29,18985.38044131215
504,2018-07-30,19107.50487634667
505,2018-07-31,19229.62931138118
506,2018-08-01,19351.7537464157
507,2018-08-02,19473.878181450218
508,2018-08-03,19569.35947005171
509,2018-08-04,19678.3624182733
510,2018-08-05,19772.37174275763
511,2018-08-06,19855.17301598456
512,2018-08-07,19912.76170618595
513,2018-08-08,19970.35039638733
514,2018-08-09,20027.939086588707
515,2018-08-10,20064.99673967145
516,2018-08-11,20105.818335487867
517,2018-08-12,20192.10324921559
518,2018-08-13,20278.38816294331
519,2018-08-14,20364.67307667103
520,2018-08-15,20475.67858703876
521,2018-08-16,20515.15684031825
522,2018-08-17,20560.55866773742
523,2018-08-18,20603.61587554286
524,2018-08-19,20646.46671479951
525,2018-08-20,20685.1571790769
526,2018-08-21,20711.408424819532
527,2018-08-22,20737.65967056216
528,2018-08-23,20763.91091630479
529,2018-08-24,20790.162162047418
530,2018-08-25,20816.41340779005
531,2018-08-26,20833.08992868021
532,2018-08-27,20846.71324230062
533,2018-08-28,20859.94206813665
534,2018-08-29,20870.733986779782
535,2018-08-30,20879.84048226377
536,2018-08-31,20886.4005884367
537,2018-09-01,20896.37978845473
538,2018-09-02,20903.40339472217
539,2018-09-03,20906.320777796092
540,2018-09-04,20914.86875703098
541,2018-09-05,20921.04307496901
542,2018-09-06,20936.170095363
543,2018-09-07,20978.57519045781
544,2018-09-08,21096.01598750041
545,2018-09-09,21291.430184369518
546,2018-09-10,21501.25014044853
547,2018-09-11,21662.20032928036
548,2018-09-12,21802.17465981993
549,2018-09-13,21917.7392112187
550,2018-09-14,22010.61764290497
551,2018-09-15,22103.496074591232
552,2018-09-16,22168.482001752433
553,2018-09-17,22215.114141795533
554,2018-09-18,22249.771218994858
555,2018-09-19,22272.955781876222
556,2018-09-20,22292.22120761769
557,2018-09-21,22307.33746790256
558,2018-09-22,22317.124321584917
559,2018-09-23,22327.64084653378
560,2018-09-24,22333.995296077206
561,2018-09-25,22341.015667363692
562,2018-09-26,22345.6641027994
563,2018-09-27,22352.17520178498
564,2018-09-28,22358.80483985957
565,2018-09-29,22361.460463703417
566,2018-09-30,22363.7036268718
567,2018-10-01,22373.62991112429
568,2018-10-02,22376.66407928248
569,2018-10-03,22376.786572416582
570,2018-10-04,22384.83011924342
571,2018-10-05,22385.31249357939
572,2018-10-06,22387.42602805982
573,2018-10-07,22388.437152186732
574,2018-10-08,22389.1355646723
575,2018-10-09,22389.65418001994
576,2018-10-10,22390.172795367595
577,2018-10-11,22390.69141071524
578,2018-10-12,22391.21002606289
579,2018-10-13,22391.728641410544
580,2018-10-14,22392.24725675819
581,2018-10-15,22392.76587210583
582,2018-10-16,22393.284487453482
583,2018-10-17,22393.803102801132
584,2018-10-18,22394.321718148778
585,2018-10-19,22394.84033349642
586,2018-10-20,22395.358948844067
587,2018-10-21,22395.87756419172
588,2018-10-22,22396.39617953937
589,2018-10-23,22396.914794887016
590,2018-10-24,22397.43341023467
591,2018-10-25,22397.95202558232
592,2018-10-26,22398.47064092996
593,2018-10-27,22398.989256277608
594,2018-10-28,22399.507871625257
595,2018-10-29,22400.02648697291
596,2018-10-30,22400.54510232056
597,2018-10-31,22401.0637176682
598,2018-11-01,22401.58233301585
599,2018-11-02,22403.25084813242
600,2018-11-03,22407.920659076794
601,2018-11-04,22408.96813079478
602,2018-11-05,22410.57185458647
603,2018-11-06,22411.190631606078
604,2018-11-07,22412.696801583206
605,2018-11-08,22413.358143023008
606,2018-11-09,22414.019484462806
607,2018-11-10,22414.41652795162
608,2018-11-11,22414.81357144042
609,2018-11-12,22415.210614929234
610,2018-11-13,22415.607658418034
611,2018-11-14,22416.00470190684
612,2018-11-15,22416.40174539565
613,2018-11-16,22416.798788884447
614,2018-11-17,22417.19583237326
615,2018-11-18,22417.59287586206
616,2018-11-19,22417.989919350868
617,2018-11-20,22418.386962839682
618,2018-11-21,22418.784006328482
619,2018-11-22,22419.18104981729
620,2018-11-23,22419.5780933061
621,2018-11-24,22419.975136794903
622,2018-11-25,22420.37218028371
623,2018-11-26,22420.76922377251
624,2018-11-27,22421.16626726132
625,2018-11-28,22421.56331075013
626,2018-11-29,22421.96035423893
627,2018-11-30,22422.35739772774
628,2018-12-01,22422.754441216544
629,2018-12-02,22425.41967406961
630,2018-12-03,22426.0918429069
631,2018-12-04,22431.09148317174
632,2018-12-05,22431.41030130171
633,2018-12-06,22432.428107275362
634,2018-12-07,22433.20226100686
635,2018-12-08,22433.5013563094
636,2018-12-09,22435.24813047912
637,2018-12-10,22435.58373680625
638,2018-12-11,22435.91934313337
639,2018-12-12,22436.25494946049
640,2018-12-13,22436.590555787618
641,2018-12-14,22436.92616211474
642,2018-12-15,22437.261768441862
643,2018-12-16,22437.59737476899
644,2018-12-17,22437.93298109611
645,2018-12-18,22438.268587423234
646,2018-12-19,22438.60419375036
647,2018-12-20,22438.93980007748
648,2018-12-21,22439.27540640461
649,2018-12-22,22439.611012731733
650,2018-12-23,22439.946619058846
651,2018-12-24,22440.28222538598
652,2018-12-25,22440.6178317131
653,2018-12-26,22440.95343804023
654,2018-12-27,22441.28904436735
655,2018-12-28,22441.624650694466
656,2018-12-29,22441.96025702159
657,2018-12-30,22442.29586334872
658,2018-12-31,22442.631469675838
659,2019-01-01,22442.96707600297
660,2019-01-02,22443.06586871525
661,2019-01-03,22443.196168369894
662,2019-01-04,22443.662130814733
663,2019-01-05,22444.59233133075
664,2019-01-06,22444.886156108456
665,2019-01-07,22445.08304440167
666,2019-01-08,22445.83959248342
667,2019-01-09,22445.91226297262
668,2019-01-10,22446.459277597653
669,2019-01-11,22447.53819742785
670,2019-01-12,22447.65267449979
671,2019-01-13,22447.935455333652
672,2019-01-14,22448.998713063458
673,2019-01-15,22449.38571177147
674,2019-01-16,22450.56033766936
675,2019-01-17,22451.40134004748
676,2019-01-18,22452.11579928354
677,2019-01-19,22452.29250525401
678,2019-01-20,22452.63404588117
679,2019-01-21,22453.06708744962
680,2019-01-22,22453.50550391828
681,2019-01-23,22454.23472953495
682,2019-01-24,22454.87885141783
683,2019-01-25,22455.54881634228
684,2019-01-26,22456.45171057751
685,2019-01-27,22457.081544285717
686,2019-01-28,22457.711377993932
687,2019-01-29,22458.42326070899
688,2019-01-30,22459.431404051968
689,2019-01-31,22461.50597629704
690,2019-02-01,22463.7917359082
691,2019-02-02,22464.94627001337
692,2019-02-03,22465.74084977651
693,2019-02-04,22466.36534317119
694,2019-02-05,22467.43239940214
695,2019-02-06,22468.54522755599
696,2019-02-07,22469.65805570984
697,2019-02-08,22472.44718639878
698,2019-02-09,22473.87329999874
699,2019-02-10,22474.758372312168
700,2019-02-11,22475.13671078497
701,2019-02-12,22475.31288399519
702,2019-02-13,22475.61074973676
703,2019-02-14,22476.690585372402
704,2019-02-15,22477.08306084934
705,2019-02-16,22477.16586423092
706,2019-02-17,22477.24866761249
707,2019-02-18,22477.331470994057
708,2019-02-19,22477.41427437563
709,2019-02-20,22477.497077757205
710,2019-02-21,22478.67711250246
711,2019-02-22,22479.28788332691
712,2019-02-23,22480.35039591507
713,2019-02-24,22482.481947931792
714,2019-02-25,22484.043997866967
715,2019-02-26,22486.300260263062
716,2019-02-27,22489.623715392892
717,2019-02-28,22490.37460619721
718,2019-03-01,22490.75716861041
719,2019-03-02,22491.416699504312
720,2019-03-03,22491.94354103646
721,2019-03-04,22492.94551359098
722,2019-03-05,22493.777288801
723,2019-03-06,22494.82819364921
724,2019-03-07,22495.284765658867
725,2019-03-08,22496.561271044684
726,2019-03-09,22497.669091427233
727,2019-03-10,22499.769830820867
728,2019-03-11,22502.57635839066
729,2019-03-12,22504.38062721764
730,2019-03-13,22506.47303085939
731,2019-03-14,22507.466796425306
732,2019-03-15,22509.708555779034
733,2019-03-16,22510.814816598187
734,2019-03-17,22513.18888694255
735,2019-03-18,22514.249979304233
736,2019-03-19,22515.32903120288
737,2019-03-20,22515.779072312118
738,2019-03-21,22517.9430938
739,2019-03-22,22519.535217224857
740,2019-03-23,22522.902724611642
741,2019-03-24,22526.353070826153
742,2019-03-25,22528.33146537729
743,2019-03-26,22531.16564427073
744,2019-03-27,22533.444444393597
745,2019-03-28,22534.44689588869
746,2019-03-29,22535.54671860168
747,2019-03-30,22537.097282692583
748,2019-03-31,22538.590051931278
749,2019-04-01,22540.6111499002
750,2019-04-02,22540.9890453884
751,2019-04-03,22543.00117982725
752,2019-04-04,22544.6995640594
753,2019-04-05,22545.99444050138
754,2019-04-06,22546.80942086924
755,2019-04-07,22549.388611439943
756,2019-04-08,22551.77080979441
757,2019-04-09,22555.76175567227
758,2019-04-10,22555.87645636974
759,2019-04-11,22555.99115706721
760,2019-04-12,22558.45332785739
761,2019-04-13,22559.19215936727
762,2019-04-14,22560.6630563725
763,2019-04-15,22562.24668780058
764,2019-04-16,22562.287092008282
765,2019-04-17,22562.32749621598
766,2019-04-18,22562.36790042369
767,2019-04-19,22562.59758716688
768,2019-04-20,22563.661766897938
769,2019-04-21,22564.725946628998
770,2019-04-22,22566.163923680284
771,2019-04-23,22567.23644827207
772,2019-04-24,22569.405139121413
773,2019-04-25,22570.541250471593
774,2019-04-26,22572.711834033667
775,2019-04-27,22574.861814963817
776,2019-04-28,22578.00864273159
777,2019-04-29,22579.754385267017
778,2019-04-30,22580.10889478734
779,2019-05-01,22582.21835372271
780,2019-05-02,22583.024316501
781,2019-05-03,22584.47567724183
782,2019-05-04,22584.723453350438
783,2019-05-05,22585.0641775791
784,2019-05-06,22585.50640489622
785,2019-05-07,22587.06979224425
786,2019-05-08,22589.922345661813
787,2019-05-09,22590.635567226258
788,2019-05-10,22592.15680685235
789,2019-05-11,22592.98019072395
790,2019-05-12,22594.6495897176
791,2019-05-13,22595.50194234416
792,2019-05-14,22596.37867776605
793,2019-05-15,22596.41601407545
794,2019-05-16,22596.9427037374
795,2019-05-17,22599.060835933466
796,2019-05-18,22601.08778437879
797,2019-05-19,22603.57310970961
798,2019-05-20,22605.790056483893
799,2019-05-21,22605.97319031474
800,2019-05-22,22607.55464407631
801,2019-05-23,22610.07164626145
802,2019-05-24,22611.12896598604
803,2019-05-25,22612.00524048641
804,2019-05-26,22612.69511946131
805,2019-05-27,22614.72028735558
806,2019-05-28,22616.55112104546
807,2019-05-29,22618.20965925726
808,2019-05-30,22619.642899292983
809,2019-05-31,22622.21913064905
810,2019-06-01,22625.63477729354
811,2019-06-02,22626.7030436461
812,2019-06-03,22628.442812883666
813,2019-06-04,22630.500081947263
814,2019-06-05,22634.781378129494
815,2019-06-06,22637.87210296357
816,2019-06-07,22639.85203048749
817,2019-06-08,22641.26842379445
818,2019-06-09,22642.41947592186
819,2019-06-10,22643.11548741601
820,2019-06-11,22643.78005494456
821,2019-06-12,22645.992903109247
822,2019-06-13,22647.97501435739
823,2019-06-14,22649.453393537442
824,2019-06-15,22650.80275079184
825,2019-06-16,22651.249331691568
826,2019-06-17,22651.69591259129
827,2019-06-18,22651.96427801381
828,2019-06-19,22652.649569922407
829,2019-06-20,22653.391918223417
830,2019-06-21,22654.514369558667
831,2019-06-22,22655.54021871912
832,2019-06-23,22656.02970020498
833,2019-06-24,22656.51918169084
834,2019-06-25,22657.45649753942
835,2019-06-26,22657.68353277897
836,2019-06-27,22658.242586443655
837,2019-06-28,22659.20111083041
838,2019-06-29,22661.437580369657
839,2019-06-30,22664.273140279103
840,2019-07-01,22666.700697281518
841,2019-07-02,22669.13740653787
842,2019-07-03,22669.49927944374
843,2019-07-04,22671.02060123744
844,2019-07-05,22671.428372006383
845,2019-07-06,22672.33989435937
846,2019-07-07,22673.07550634949
847,2019-07-08,22675.033373811802
848,2019-07-09,22676.947427625048
849,2019-07-10,22677.42781600959
850,2019-07-11,22678.64495075973
851,2019-07-12,22679.24974576632
852,2019-07-13,22680.33641636958
853,2019-07-14,22681.642918952817
854,2019-07-15,22682.13264132315
855,2019-07-16,22682.32415372484
856,2019-07-17,22683.11568515189
857,2019-07-18,22685.25650578893
858,2019-07-19,22685.981944277017
859,2019-07-20,22686.992583678588
860,2019-07-21,22687.71433779185
861,2019-07-22,22690.68735915067
862,2019-07-23,22691.3767248011
863,2019-07-24,22692.4661989862
864,2019-07-25,22693.847173279963
865,2019-07-26,22695.43304086585
866,2019-07-27,22698.72140246397
867,2019-07-28,22700.064590090482
868,2019-07-29,22704.138467481862
869,2019-07-30,22707.04109267296
870,2019-07-31,22708.368154088268
871,2019-08-01,22710.743444596817
872,2019-08-02,22717.028793672253
873,2019-08-03,22722.956922635083
874,2019-08-04,22729.359902019707
875,2019-08-05,22737.54733653853
876,2019-08-06,22744.0422894252
877,2019-08-07,22754.84596384643
878,2019-08-08,22764.064651930967
879,2019-08-09,22771.31393830964
880,2019-08-10,22779.706728370173
881,2019-08-11,22786.5346101061
882,2019-08-12,22790.939083400383
883,2019-08-13,22798.387891224458
884,2019-08-14,22802.719891339882
885,2019-08-15,22804.24653995695
886,2019-08-16,22805.38044515581
887,2019-08-17,22807.01852451896
888,2019-08-18,22810.53728808022
889,2019-08-19,22813.364406931632
890,2019-08-20,22813.780656856547
891,2019-08-21,22815.33715677624
892,2019-08-22,22816.18710265687
893,2019-08-23,22819.329144190648
894,2019-08-24,22820.90469996561
895,2019-08-25,22823.315791212328
896,2019-08-26,22826.362130162608
897,2019-08-27,22830.302111127043
898,2019-08-28,22831.458839703668
899,2019-08-29,22834.04068342473
900,2019-08-30,22836.313449360765
901,2019-08-31,22838.550773879033
902,2019-09-01,22840.805862569083
903,2019-09-02,22841.90608800053
904,2019-09-03,22842.632598457738
905,2019-09-04,22843.35910891496
906,2019-09-05,22844.085619372167
907,2019-09-06,22845.29552680665
908,2019-09-07,22846.61076252697
909,2019-09-08,22849.01959730752
910,2019-09-09,22852.41935641663
911,2019-09-10,22853.018409836623
912,2019-09-11,22854.712850747357
913,2019-09-12,22857.439326861317
914,2019-09-13,22859.694827249266
915,2019-09-14,22862.64107231714
916,2019-09-15,22863.470848793066
917,2019-09-16,22865.01590057214
918,2019-09-17,22866.27368354229
919,2019-09-18,22866.56935396692
920,2019-09-19,22868.749967642012
921,2019-09-20,22869.56491365249
922,2019-09-21,22869.776254609238
923,2019-09-22,22870.33890547789
924,2019-09-23,22872.184473141242
925,2019-09-24,22873.211519878252
926,2019-09-25,22874.18775345686
927,2019-09-26,22874.756342060333
928,2019-09-27,22875.81476021966
929,2019-09-28,22876.60949099169
930,2019-09-29,22877.66032161553
931,2019-09-30,22879.537075461933
932,2019-10-01,22884.70679934237
933,2019-10-02,22887.36113391058
934,2019-10-03,22889.12044428684
935,2019-10-04,22891.88551535283
936,2019-10-05,22892.85480581498
937,2019-10-06,22892.91491405069
938,2019-10-07,22893.665466513867
939,2019-10-08,22894.325986384883
940,2019-10-09,22894.98650625589
941,2019-10-10,22898.392900977593
942,2019-10-11,22901.84545597353
943,2019-10-12,22902.279343055612
944,2019-10-13,22903.664254966166
945,2019-10-14,22904.43328032336
946,2019-10-15,22905.707632315552
947,2019-10-16,22907.110655123633
948,2019-10-17,22909.07102498669
949,2019-10-18,22912.043922899502
950,2019-10-19,22913.314769074303
951,2019-10-20,22913.78356540534
952,2019-10-21,22915.4529476264
953,2019-10-22,22916.01686694687
954,2019-10-23,22916.68079540687
955,2019-10-24,22916.859261089838
956,2019-10-25,22917.89789480776
957,2019-10-26,22918.66370744803
958,2019-10-27,22919.59673263526
959,2019-10-28,22920.35423181018
960,2019-10-29,22921.22025952335
961,2019-10-30,22922.656965825983
962,2019-10-31,22924.39449309195
963,2019-11-01,22926.44356166084
964,2019-11-02,22927.594290560282
965,2019-11-03,22929.09451887623
966,2019-11-04,22929.747691135293
967,2019-11-05,22930.88842291796
968,2019-11-06,22931.08982301726
969,2019-11-07,22931.63053828429
970,2019-11-08,22932.570152034717
971,2019-11-09,22933.218985603522
972,2019-11-10,22933.46370993823
973,2019-11-11,22934.583401413598
974,2019-11-12,22936.94269474
975,2019-11-13,22937.72032447194
976,2019-11-14,22939.05397247647
977,2019-11-15,22939.382244467357
978,2019-11-16,22939.75333828973
979,2019-11-17,22940.12443211209
980,2019-11-18,22940.54529432232
981,2019-11-19,22941.5505589641
982,2019-11-20,22942.155525078848
983,2019-11-21,22942.54888623605
984,2019-11-22,22943.001612422617
985,2019-11-23,22944.00585342955
986,2019-11-24,22944.39730202132
987,2019-11-25,22945.13838366324
988,2019-11-26,22945.87275278024
989,2019-11-27,22947.03604895921
990,2019-11-28,22947.815497482203
991,2019-11-29,22948.26299049891
992,2019-11-30,22950.038666426546
993,2019-12-01,22951.694787195094
994,2019-12-02,22952.03782217873
995,2019-12-03,22952.430579101012
996,2019-12-04,22952.771156551815
997,2019-12-05,22953.70635332256
998,2019-12-06,22954.118427345038
999,2019-12-07,22956.271570628713
1000,2019-12-08,22958.25216649864
1001,2019-12-09,22959.174674493188
1002,2019-12-10,22959.43651795788
1003,2019-12-11,22960.50930964316
1004,2019-12-12,22961.91368316897
1005,2019-12-13,22962.39415064966
1006,2019-12-14,22963.35274806255
1007,2019-12-15,22964.136836067806
1008,2019-12-16,22964.92929868523
1009,2019-12-17,22965.33231853585
1010,2019-12-18,22965.72229289398
1011,2019-12-19,22966.237154040307
1012,2019-12-20,22966.84402305419
1013,2019-12-21,22967.29351512865
1014,2019-12-22,22967.74300720311
1015,2019-12-23,22968.19249927756
1016,2019-12-24,22968.641991352015
1017,2019-12-25,22969.066991352018
1018,2019-12-26,22969.24895013856
1019,2019-12-27,22969.66498859832
1020,2019-12-28,22970.52780086064
1021,2019-12-29,22972.06314447039
1022,2019-12-30,22972.972206624483
1023,2019-12-31,22973.974225087382
1024,2020-01-01,22974.71299771817
1025,2020-01-02,22974.84782353172
1026,2020-01-03,22975.65082602238
1027,2020-01-04,22976.585343009916
1028,2020-01-05,22977.0473700654
1029,2020-01-06,22977.25668322791
1030,2020-01-07,22978.647017000792
1031,2020-01-08,22979.457627881544
1032,2020-01-09,22980.406442932013
1033,2020-01-10,22981.96009315004
1034,2020-01-11,22982.896542828348
1035,2020-01-12,22983.587447307997
1036,2020-01-13,22984.388959160682
1037,2020-01-14,22985.190471013368
1038,2020-01-15,22985.99298331857
1039,2020-01-16,22987.07573213524
1040,2020-01-17,22987.65292274501
1041,2020-01-18,22988.530836749906
1042,2020-01-19,22988.92647421022
1043,2020-01-20,22989.479231842462
1044,2020-01-21,22991.09141049261
1045,2020-01-22,22992.738036436782
1046,2020-01-23,22993.94761528911
1047,2020-01-24,22994.715522184513
1048,2020-01-25,22995.11009790601
1049,2020-01-26,22995.18293333695
1050,2020-01-27,22995.25576876789
1051,2020-01-28,22995.328604198818
1052,2020-01-29,22995.995591455085
1053,2020-01-30,22996.482820354056
1054,2020-01-31,22997.23288768437
1055,2020-02-01,22997.724437274952
1056,2020-02-02,22998.218410958456
1057,2020-02-03,22999.14980561165
1058,2020-02-04,22999.70697434731
1059,2020-02-05,23000.814380776766
1060,2020-02-06,23002.113386935343
1061,2020-02-07,23002.67316635618
1062,2020-02-08,23003.728927692853
1063,2020-02-09,23004.028664243844
1064,2020-02-10,23006.10690123706
1065,2020-02-11,23007.81273886122
1066,2020-02-12,23010.42816788912
1067,2020-02-13,23010.54400398022
1068,2020-02-14,23010.61503214365
1069,2020-02-15,23011.25142981806
1070,2020-02-16,23014.130580039917
1071,2020-02-17,23016.18395433604
1072,2020-02-18,23016.844505620957
1073,2020-02-19,23017.74177536858
1074,2020-02-20,23018.380715115352
1075,2020-02-21,23021.4405453394
1076,2020-02-22,23024.381464413433
1077,2020-02-23,23026.12340011833
1078,2020-02-24,23027.13019006663
1079,2020-02-25,23027.251524315707
1080,2020-02-26,23028.22148926353
1081,2020-02-27,23029.179458469705
1082,2020-02-28,23030.34139177245
