¹Û²âÈÕÆÚ,TP13,TP18,TP29
2018/4/1,10.58206029,15.79271984,
2018/4/2,19.92134534,29.67861183,
2018/4/3,27.6300561,38.81597609,
2018/4/4,29.68669736,51.6250908,
2018/4/5,40.70429953,57.13877843,
2018/4/6,47.94100541,66.27246789,
2018/4/7,50.78769536,70.19444422,
2018/4/8,58.16149929,87.89010183,
2018/4/9,70.33754332,99.20231852,
2018/4/10,77.04823165,106.9059867,
2018/4/11,86.65183206,116.385652,
2018/4/12,91.52278405,127.7986698,
2018/4/13,93.20804686,132.0703222,
2018/4/14,96.57541095,139.9517774,
2018/4/15,99.18941476,146.0945242,
2018/4/16,110.9440399,157.0173876,
2018/4/17,122.2761628,173.2224581,
2018/4/18,132.9868415,184.6449566,
2018/4/19,130.1879027,186.8649245,
2018/4/20,132.3858754,188.454265,
2018/4/21,132.1350067,190.3506764,
2018/4/22,133.1886256,192.1239444,
2018/4/23,144.3152799,202.2989125,
2018/4/24,147.9127445,213.6682475,
2018/4/25,154.4350025,220.2079472,
2018/4/26,153.2606857,222.3692974,
2018/4/27,158.5465862,228.1014906,
2018/4/28,165.8550271,234.2205158,
2018/4/29,171.1109582,239.0967168,
2018/4/30,175.3781628,248.2356542,
2018/5/2,188.5719226,264.8180319,
2018/5/3,190.4657975,269.3755928,
2018/5/4,198.0803372,277.8843824,
2018/5/5,199.3153531,281.2313816,
2018/5/6,204.5348137,291.1453417,
2018/5/7,206.8375933,295.2805276,
2018/5/8,211.041323,298.2466094,
2018/5/9,218.8220738,309.654388,
2018/5/10,220.4300569,311.1193179,
2018/5/11,222.2920152,316.1009174,
2018/5/12,227.237981,323.6673138,
2018/5/13,236.2492116,336.6660809,
2018/5/14,243.3078914,347.0412223,
2018/5/15,247.4708468,354.0799486,
2018/5/16,255.1238719,364.0617255,
2018/5/17,257.9985659,369.3300692,
2018/5/18,261.7836511,373.037344,
2018/5/19,271.23158,392.2275997,
2018/5/20,284.0568605,406.2179464,
2018/5/21,285.8874254,410.4605828,
2018/5/22,293.0262275,426.0898262,
2018/5/23,297.7063822,437.8725614,
2018/5/24,311.1225,451.5242075,
2018/5/25,313.4799834,455.2382343,
2018/5/27,331.788095,487.6664229,
2018/5/28,335.1335555,490.6483058,
2018/5/29,339.4947128,501.4344324,
2018/5/30,350.3262765,516.6156115,
2018/5/31,356.0010393,527.8676918,
2018/6/1,369.6835809,543.5567588,
2018/6/2,379.3361174,557.0288054,
2018/6/3,386.9222273,571.7361105,
2018/6/4,393.5065692,583.1421525,
2018/6/5,400.6384655,596.1746892,
2018/6/6,414.089145,617.0676219,
2018/6/7,427.6335113,637.816251,
2018/6/8,433.1591624,648.8662728,
2018/6/9,442.2722917,659.994803,
2018/6/10,455.0194062,678.077997,
2018/6/11,465.9130069,692.6924354,
2018/6/12,474.9363747,710.6790837,
2018/6/13,483.0893292,724.1291321,
2018/6/14,499.8895678,748.0615015,
2018/6/15,516.5530176,773.2830918,
2018/6/16,544.2939463,816.2734958,
2018/6/17,573.559282,864.1007522,
2018/6/18,604.7254088,914.4842098,
2018/6/19,639.711857,969.5899597,
2018/6/20,672.8933199,1029.724118,
2018/6/21,706.7070256,1089.924974,
2018/6/22,736.7290207,1143.335038,
2018/6/23,775.7776872,1203.094709,
2018/6/24,801.8554171,1258.165784,
2018/6/25,837.8321908,1314.491788,
2018/6/26,872.0646364,1373.548754,
2018/6/27,899.3626743,1413.710936,
2018/6/28,928.8300652,1472.976154,
2018/6/29,957.7785443,1516.186948,
2018/6/30,983.9526716,1570.516281,
2018/7/1,1011.368049,1618.282994,
2018/7/2,1042.068894,1669.728484,
2018/7/3,1066.265694,1702.834428,
2018/7/4,1091.553654,1753.538403,
2018/7/5,1116.391419,1795.224515,
2018/7/6,1143.021229,1838.288623,
2018/7/7,1174.201427,1880.014473,
2018/7/8,1197.237591,1920.080733,
2018/7/9,1227.067138,1970.332746,
2018/7/10,1258.671379,2019.096288,
2018/7/11,1277.711071,2059.096086,
2018/7/12,1302.170807,2095.38643,
2018/7/13,1324.90251,2142.536695,
2018/7/14,1346.448079,2182.335904,
2018/7/15,1379.001534,2231.302465,
2018/7/16,1396.906514,2270.048497,
2018/7/17,1423.989006,2310.016212,
2018/7/18,1442.960162,2345.985136,
2018/7/19,1466.710162,2384.873164,
2018/7/20,1488.719252,2425.977764,
2018/7/21,1517.494843,2474.410223,
2018/7/22,1532.063909,2497.928706,
2018/7/23,1547.331396,2530.758343,
2018/7/24,1566.094489,2564.472478,
2018/7/25,1589.832714,2601.937818,
2018/7/26,1601.734213,2631.858184,
2018/7/27,1623.113788,2663.361795,
2018/7/28,1644.995362,2696.912644,
2018/7/29,1657.630022,2726.111836,
2018/7/30,1675.342099,2760.443381,
2018/7/31,1690.741955,2784.711944,
2018/8/1,1711.136777,2812.523289,
2018/8/2,1723.075793,2847.652733,
2018/8/3,1741.20334,2874.21013,
2018/8/4,1752.387015,2896.43151,
2018/8/5,1769.345455,2925.179641,
2018/8/6,1784.274693,2960.205028,
2018/8/7,1805.418035,2985.538303,
2018/8/8,1818.826954,3004.009236,
2018/8/9,1834.956844,3037.221395,
2018/8/10,1852.051711,3061.255483,
2018/8/11,1868.838733,3082.895433,
2018/8/12,1880.373107,3111.762888,
2018/8/13,1895.395064,3140.213326,
2018/8/14,1910.41044,3156.125943,
2018/8/15,1917.608954,3174.714554,
2018/8/16,1942.997236,3210.738614,
2018/8/17,1950.603696,3230.247255,
2018/8/18,1963.08914,3251.660937,
2018/8/19,1980.132079,3275.933145,
2018/8/20,1995.859577,3301.287441,
2018/8/21,2008.100085,3319.808201,
2018/8/22,2016.355427,3343.978548,
2018/8/23,2037.231155,3372.197623,
2018/8/24,2044.599288,3397.545211,
2018/8/25,2058.541741,3416.497354,
2018/8/26,2070.860826,3435.915,
2018/8/27,2082.907307,3454.01946,
2018/8/28,2099.812463,3478.573991,
2018/8/29,2103.351652,3495.006964,
2018/8/30,2121.700299,3509.223796,
2018/8/31,2129.283574,3536.088521,
2018/9/1,2149.278691,3562.304671,
2018/9/2,2157.248094,3579.242865,
2018/9/3,2168.502619,3598.164585,
2018/9/4,2186.987234,3616.764351,
2018/9/5,2191.905217,3634.049617,
2018/9/6,2211.675207,3656.536997,
2018/9/7,2225.282629,3674.420783,
2018/9/8,2233.361325,3683.515455,
2018/9/9,2239.423314,3704.633889,
2018/9/10,2253.943258,3725.421344,
2018/9/11,2266.067965,3744.513966,
2018/9/12,2283.981412,3768.12139,
2018/9/13,2285.768446,3777.682038,
2018/9/14,2300.069273,3800.30638,
2018/9/15,2311.700022,3821.064356,
2018/9/16,2324.175675,3838.72878,
2018/9/17,2336.232259,3857.947399,
2018/9/18,2340.425376,3872.133079,
2018/9/19,2356.162942,3896.460722,
2018/9/20,2363.774991,3908.851494,
2018/9/21,2378.979601,3930.620376,
2018/9/22,2384.243935,3940.914271,
2018/9/23,2394.481416,3956.910517,
2018/9/24,2408.416851,3977.417882,
2018/9/25,2414.584946,3991.46301,
2018/9/26,2427.923415,4010.265813,
2018/9/27,2436.771265,4025.667105,
2018/9/28,2442.792979,4038.430467,
2018/9/29,2457.025981,4060.088324,
2018/9/30,2463.825061,4072.962745,
2018/10/1,2476.09745,4091.985214,
2018/10/2,2484.084836,4105.883125,
2018/10/3,2488.273928,4115.640107,
2018/10/4,2500.920113,4135.100996,
2018/10/5,2513.688791,4156.192767,
2018/10/6,2524.053339,4170.034601,
2018/10/7,2532.727658,4185.466728,
2018/10/8,2542.444896,4199.276026,
2018/10/9,2544.041757,4207.250387,
2018/10/10,2553.01897,4223.783742,
2018/10/11,2565.624778,4235.384398,
2018/10/12,2574.312438,4256.936596,
2018/10/13,2583.939121,4267.649574,
2018/10/14,2594.749161,4280.706444,
2018/10/15,2605.536607,4299.306364,
2018/10/16,2613.687374,4311.634406,
2018/10/17,2623.913402,4325.922646,
2018/10/18,2627.714429,4336.713754,
2018/10/19,2631.751664,4341.156696,
2018/10/20,2645.506352,4363.081115,
2018/10/21,2650.819928,4374.380188,
2018/10/22,2660.12458,4384.095298,
2018/10/23,2667.95875,4397.318047,
2018/10/24,2679.828394,4416.763884,
2018/10/25,2690.346288,4429.505553,
2018/10/26,2699.043351,4442.55552,
2018/10/27,2708.621467,4457.432945,
2018/10/28,2721.073623,4474.401513,
2018/10/29,2730.648394,4488.604341,
2018/10/30,2742.672498,4508.451469,
2018/10/31,2752.999726,4521.950964,
2018/11/1,2757.545564,4536.961408,
2018/11/2,2773.822145,4548.500866,
2018/11/3,2783.092785,4569.547602,
2018/11/4,2793.876844,4585.164283,
2018/11/5,2800.788189,4596.311819,
2018/11/6,2805.155087,4602.367109,
2018/11/7,2820.310939,4624.777329,
2018/11/8,2828.701699,4637.029869,
2018/11/9,2838.18995,4650.096229,
2018/11/10,2848.553531,4670.607837,
2018/11/11,2852.419219,4674.601379,
2018/11/12,2863.45817,4690.546263,
2018/11/13,2872.027413,4703.924504,
2018/11/14,2878.351323,4713.263712,
2018/11/15,2885.209914,4719.658468,
2018/11/16,2896.358227,4736.430389,
2018/11/17,2902.494868,4745.416046,
2018/11/18,2910.090816,4758.036742,
2018/11/19,2919.04087,4769.332404,
2018/11/20,2932.887976,4786.969992,
2018/11/21,2940.017719,4791.192123,
2018/11/22,2938.44334,4798.439024,
2018/11/23,2950.803619,4812.906388,
2018/11/24,2968.107508,4837.800788,
2018/11/25,2965.178317,4831.492536,
2018/11/26,2980.44878,4855.908217,
2018/11/27,2980.603555,4853.213231,
2018/11/28,2992.367432,4873.286059,
2018/11/29,2995.524585,4874.594693,
2018/11/30,3002.694835,4887.814036,
2018/12/1,3008.824908,4891.235363,
2018/12/2,3020.722101,4907.352156,
2018/12/3,3022.378312,4907.553815,
2018/12/4,3033.708373,4927.397943,
2018/12/5,3040.891292,4938.192782,
2018/12/6,3047.208409,4935.013439,
2018/12/7,3055.046162,4948.954922,
2018/12/8,3061.276293,4961.808592,
2018/12/9,3069.242392,4964.670741,
2018/12/10,3078.01108,4983.192613,
2018/12/11,3081.112009,4988.281822,
2018/12/12,3089.629661,4995.725443,
2018/12/13,3094.352774,5010.243185,
2018/12/14,3105.137598,5016.071717,
2018/12/15,3104.49249,5015.831605,
2018/12/16,3116.151631,5030.162928,
2018/12/17,3120.524168,5033.411302,
2018/12/18,3124.817755,5040.274929,
2018/12/19,3130.43392,5044.504937,
2018/12/20,3143.536431,5063.445219,
2018/12/21,3145.26513,5063.463736,
2018/12/22,3146.302404,5064.428444,
2018/12/23,3157.884157,5079.386337,
2018/12/24,3165.901256,5088.312593,
2018/12/25,3166.639766,5085.784994,
2018/12/26,3172.184872,5095.167312,
2018/12/27,3177.421176,5101.378814,
2018/12/28,3178.450814,5101.757887,
2018/12/29,3184.264992,5107.000354,
2018/12/30,3194.097232,5120.813965,
2018/12/31,3200.92272,5132.746712,
2019/1/1,3201.329507,5129.062946,
2019/1/2,3215.571299,5147.479951,
2019/1/3,3221.320209,5155.513322,
2019/1/4,3223.153319,5160.824621,
2019/1/5,3236.189026,5177.255568,
2019/1/6,3240.529718,5184.63718,
2019/1/7,3244.701339,5187.235087,
2019/1/8,3249.363059,5193.51216,
2019/1/9,3259.217857,5207.427278,
2019/1/10,3268.133115,5220.239254,
2019/1/11,3271.180362,5222.037884,
2019/1/12,3277.379218,5233.477949,
2019/1/13,3280.31609,5233.213349,
2019/1/14,3286.602732,5242.420785,
2019/1/15,3288.147881,5242.846618,
2019/1/16,3299.182702,5258.10698,
2019/1/17,3304.184415,5265.616556,
2019/1/18,3307.304995,5264.809206,
2019/1/19,3309.281809,5268.12781,
2019/1/20,3311.728653,5269.296314,
2019/1/21,3317.111579,5275.634825,
2019/1/22,3323.831071,5281.260877,
2019/1/23,3329.934306,5287.957157,
2019/1/24,3336.426301,5295.64406,
2019/1/25,3341.840083,5302.915925,
2019/1/26,3345.194754,5310.434357,
2019/1/27,3350.895024,5314.641629,
2019/1/28,3355.793964,5321.82883,
2019/1/29,3360.579298,5327.812217,
2019/1/30,3355.002958,5318.850984,
2019/1/31,3369.545302,5337.236777,
2019/2/1,3367.753474,5337.778779,
2019/2/2,3371.247272,5336.503585,
2019/2/3,3372.103731,5336.87307,
2019/2/4,3375.970062,5343.126361,
2019/2/5,3381.298965,5349.902755,
2019/2/6,3384.755555,5359.635018,
2019/2/7,3383.821352,5350.527706,
2019/2/8,3389.671609,5356.170302,
2019/2/9,3390.436807,5355.432522,
2019/2/10,3393.616686,5359.875134,
2019/2/11,3397.672957,5367.617516,
2019/2/12,3404.875594,5372.700552,
2019/2/13,3405.522602,5372.978613,
2019/2/14,3408.164097,5376.273335,
2019/2/15,3413.447625,5381.543224,
2019/2/16,3411.615343,5379.208749,
2019/2/17,3415.773647,5381.240352,
2019/2/18,3416.413118,5381.113138,
2019/2/19,3420.959826,5390.166766,
2019/2/20,3422.103005,5391.948332,
2019/2/21,3423.432415,5387.798059,
2019/2/22,3428.168196,5391.367391,
2019/2/23,3432.754745,5399.089395,
2019/2/24,3429.440224,5401.008405,
2019/2/25,3428.881265,5391.536195,
2019/2/26,3442.176185,5409.905619,
2019/2/27,3441.610502,5408.793523,
2019/2/28,3446.183016,5413.157116,
2019/3/1,3448.180219,5415.001982,
2019/3/2,3444.84166,5410.610541,
2019/3/3,3440.023981,5405.109607,
2019/3/4,3449.240667,5414.337906,
2019/3/5,3451.577069,5418.348831,
2019/3/6,3452.359944,5417.580143,
2019/3/7,3453.546393,5420.509952,
2019/3/8,3467.575998,5437.438288,
2019/3/9,3459.214578,5426.933242,
2019/3/10,3470.393589,5439.932053,
2019/3/11,3470.542947,5438.953261,
2019/3/12,3466.951936,5432.828039,
2019/3/13,3467.357262,5433.211471,
2019/3/14,3470.07261,5435.493302,
2019/3/15,3472.773078,5444.257503,
2019/3/16,3474.013916,5439.762139,
2019/3/17,3475.688889,5447.560083,
2019/3/18,3478.93005,5449.149159,
2019/3/19,3480.884629,5451.132857,
2019/3/20,3483.168982,5453.015332,
2019/3/21,3487.977461,5458.635119,
2019/3/22,3489.45776,5460.497028,
2019/3/23,3488.817325,5458.875779,
2019/3/24,3487.99545,5454.336156,
2019/3/25,3496.439553,5467.606922,
2019/3/26,3502.015274,5470.140833,
2019/3/27,3498.485281,5464.788357,
2019/3/28,3501.393937,5468.093193,
2019/3/29,3497.981251,5463.509306,
2019/3/30,3502.340455,5468.935634,
2019/3/31,3501.335261,5467.453979,
2019/4/1,3507.763706,5476.224373,
2019/4/2,3512.48928,5480.71888,
2019/4/3,3509.5639,5477.058979,
2019/4/4,3506.777534,5472.77735,
2019/4/5,3510.140473,5474.858818,
2019/4/6,3509.72173,5477.838904,
2019/4/7,3516.210291,5487.258988,
2019/4/8,3522.70724,5490.356427,
2019/4/9,3523.532128,5492.248907,
2019/4/10,3518.5265,5488.113758,
2019/4/11,3527.838389,5498.698179,
2019/4/12,3526.312975,5492.139293,
2019/4/13,3528.014905,5495.180316,
2019/4/14,3531.753028,5499.231203,
2019/4/15,3528.514536,5494.139061,
2019/4/16,3535.193627,5498.883058,
2019/4/17,3540.120259,5507.834621,
2019/4/18,3536.27616,5504.087155,
2019/4/19,3537.948076,5505.616555,
2019/4/20,3535.351735,5502.207891,
2019/4/21,3542.439477,5510.31094,
2019/4/22,3539.606003,5514.077675,
2019/4/23,3545.539431,5512.07253,
2019/4/24,3543.723553,5514.551227,
2019/4/25,3543.636058,5510.945686,
2019/4/26,3550.871872,5519.537892,
2019/4/27,3543.959996,5510.197062,
2019/4/28,3551.619688,5521.107652,
2019/4/29,3552.976254,5519.834756,
2019/4/30,3555.295705,5518.065092,
2019/5/1,3558.337995,5526.120195,
2019/5/2,3559.243021,5525.154026,
2019/5/3,3558.37467,5526.481342,
2019/5/4,3559.992419,5527.820462,
2019/5/5,3562.885832,5533.516609,
2019/5/6,3565.699708,5531.222171,
2019/5/7,3560.758718,5531.715424,
2019/5/8,3562.531687,5532.015649,
2019/5/9,3563.952431,5533.520262,
2019/5/10,3564.145144,5535.983747,
2019/5/11,3570.041166,5541.163012,
2019/5/12,3563.842607,5537.735804,
2019/5/13,3569.334871,5547.552938,
2019/5/14,3570.18702,5542.181154,
2019/5/15,3566.321728,5541.459181,
2019/5/16,3575.098501,5548.83567,
2019/5/17,3571.592594,5546.00386,
2019/5/18,3572.284684,5553.536435,
2019/5/19,3579.679127,5554.593174,
2019/5/20,3582.092146,5558.319071,
2019/5/21,3577.180634,5554.636417,
2019/5/22,3577.96975,5552.302223,
2019/5/23,3582.289239,5556.712306,
2019/5/24,3588.022657,5566.801888,
2019/5/25,3581.125863,5561.801134,
2019/5/26,3588.318296,5567.237887,
2019/5/27,3587.625111,5565.810156,
2019/5/28,3583.315862,5567.318846,
2019/5/29,3585.143318,5563.309674,
2019/5/30,3583.941923,5562.301714,
2019/5/31,3585.957055,5563.46436,
2019/6/1,3595.215896,5577.500064,
2019/6/2,3587.102154,5564.846754,
2019/6/3,3586.396839,5566.700141,
2019/6/4,3591.09721,5571.823703,
2019/6/5,3594.542594,5580.105808,
2019/6/6,3596.128319,5575.8852,
2019/6/7,3600.759656,5584.399193,
2019/6/8,3603.024145,5587.860025,
2019/6/9,3603.259741,5586.711227,
2019/6/10,3605.988734,5590.714901,
2019/6/11,3603.500523,5589.226131,
2019/6/12,3608.241774,5595.398157,
2019/6/13,3610.197265,5598.067877,
2019/6/14,3610.767539,5598.77874,
2019/6/15,3609.986391,5597.531725,
2019/6/16,3610.475117,5599.727972,
2019/6/17,3611.30958,5601.532342,
2019/6/18,3613.381913,5603.071887,
2019/6/19,3616.468655,5607.240743,
2019/6/20,3612.99908,5604.702455,
2019/6/21,3617.232456,5609.830989,
2019/6/22,3619.234002,5611.840206,
2019/6/23,3619.995692,5614.875216,
2019/6/24,3621.741175,5616.731907,
2019/6/25,3625.155828,5621.42607,
2019/6/26,3618.472422,5615.504769,
2019/6/27,3622.077057,5619.808162,
2019/6/28,3624.621423,5623.036335,
2019/6/29,3626.123271,5626.278779,
2019/6/30,3626.724679,5628.948302,
2019/7/1,3629.356154,5631.459564,
2019/7/2,3626.009617,5633.060324,
2019/7/3,3629.151015,5635.642875,
2019/7/4,3629.340616,5638.987056,
2019/7/5,3632.880584,5639.67357,
2019/7/6,3634.512768,5641.0136,
2019/7/7,3636.036127,5646.47486,
2019/7/8,3641.293873,5652.771788,
2019/7/9,3640.520674,5652.671192,
2019/7/10,3641.077526,5655.83131,
2019/7/11,3642.313453,5658.48469,
2019/7/12,3646.829338,5666.352023,
2019/7/13,3643.535252,5663.410759,
2019/7/14,3645.95986,5666.997048,
2019/7/15,3647.175725,5669.83471,
2019/7/16,3649.862499,5672.084044,
2019/7/17,3653.26985,5678.499109,
2019/7/18,3656.375799,5683.032247,
2019/7/19,3659.42993,5687.48282,
2019/7/20,3658.619917,5689.79954,
2019/7/21,3664.277221,5696.376628,
2019/7/22,3665.517749,5701.436161,
2019/7/23,3663.241511,5698.584991,
2019/7/24,3667.550605,5706.768776,
2019/7/25,3670.395351,5712.965334,
2019/7/26,3670.796423,5714.971498,
2019/7/27,3673.586587,5719.200742,
2019/7/28,3674.791985,5722.666719,
2019/7/29,3676.035966,5726.27278,
2019/7/30,3675.800454,5726.082058,
2019/7/31,3677.796664,5728.91754,
2019/8/1,3680.578752,5733.756373,
2019/8/2,3682.292968,5739.49122,
2019/8/3,3684.815763,5740.371222,
2019/8/4,3683.921483,5741.355486,
2019/8/5,3685.780887,5746.037447,
2019/8/6,3686.544568,5748.213161,
2019/8/7,3692.149715,5756.602426,
2019/8/8,3689.695258,5753.234414,
2019/8/9,3692.812989,5757.618047,
2019/8/10,3693.401555,5759.451011,
2019/8/11,3693.782416,5762.037995,
2019/8/12,3696.277937,5766.03508,
2019/8/13,3698.874572,5764.809754,
2019/8/14,3699.055594,5765.942259,
2019/8/15,3701.162077,5770.408472,
2019/8/16,3702.051552,5773.282877,
2019/8/17,3703.627684,5775.252168,
2019/8/18,3705.133438,5778.649133,
2019/8/19,3705.115292,5779.426444,
2019/8/20,3708.072692,5784.70496,
2019/8/21,3710.269754,5788.684917,
2019/8/22,3710.101671,5788.973735,
2019/8/23,3710.748402,5790.183849,
2019/8/24,3713.777756,5794.056801,
2019/8/25,3714.444031,5796.278429,
2019/8/26,3714.731519,5796.657182,
2019/8/27,3718.08879,5801.233154,
2019/8/28,3718.627239,5803.470284,
2019/8/29,3719.667161,5805.262808,
2019/8/30,3721.35322,5809.29613,
2019/8/31,3721.093959,5808.473967,
2019/9/1,3720.766999,5808.389692,
2019/9/2,3723.047178,5812.154372,
2019/9/3,3726.745218,5816.922544,
2019/9/4,3727.291915,5818.947193,
2019/9/5,3731.959456,5825.195685,
2019/9/6,3731.875198,5825.443754,
2019/9/7,3732.719209,5827.879747,
2019/9/8,3733.539903,5829.059784,
2019/9/9,3735.116323,5830.832933,
2019/9/10,3737.70516,5834.201908,
2019/9/11,3738.849557,5836.053359,
2019/9/12,3740.419816,5839.333056,
2019/9/13,3741.687221,5841.060912,
2019/9/14,3742.046992,5841.703891,
2019/9/15,3745.025507,5847.260553,
2019/9/16,3747.39222,5851.357963,
2019/9/17,3744.920791,5848.22721,
2019/9/18,3746.187781,5850.293576,
2019/9/19,3747.610802,5851.599621,
2019/9/20,3746.930452,5850.8579,
2019/9/21,3751.748582,5855.920841,
2019/9/22,3754.268001,5859.73389,
2019/9/23,3757.966745,5865.151442,
2019/9/24,3757.579041,5864.913363,
2019/9/25,3760.053981,5867.073181,
2019/9/26,3764.612034,5872.756145,
2019/9/27,3761.268852,5870.677122,
2019/9/28,3765.467804,5875.213826,
2019/9/29,3766.236251,5875.125681,
2019/9/30,3766.883959,5877.811101,
2019/10/1,3769.476879,5879.716388,
2019/10/2,3768.272704,5879.470991,
2019/10/3,3772.738211,5883.638631,
2019/10/4,3773.05129,5882.825174,
2019/10/5,3775.883216,5886.717438,
2019/10/6,3775.115279,5886.710596,
2019/10/7,3775.504103,5889.408284,
2019/10/8,3773.989934,5886.616455,
2019/10/9,3775.645778,5893.599165,
2019/10/10,3781.257801,5896.035771,
2019/10/11,3782.622153,5892.541675,
2019/10/12,3782.672153,5899.257653,
2019/10/13,3782.569927,5896.75866,
2019/10/14,3787.22363,5902.027762,
2019/10/15,3786.838833,5900.869547,
2019/10/16,3788.47595,5903.502156,
2019/10/17,3790.840385,5906.149774,
2019/10/18,3793.204898,5908.797615,
2019/10/19,3793.715638,5912.053407,
2019/10/20,3794.272828,5910.429465,
2019/10/21,3796.008663,5911.488992,
2019/10/22,3797.213781,5914.34249,
2019/10/23,3800.121185,5916.204768,
2019/10/24,3800.275561,5917.89561,0
2019/10/25,3802.2651,5918.518613,2.720294102
2019/10/26,3803.745219,5920.155513,3.574912586
2019/10/27,3805.357757,5923.097639,5.943063183
2019/10/28,3807.126822,5925.959185,7.40945342
2019/10/29,3807.866248,5929.408865,7.360027174
2019/10/30,3809.897266,5933.267944,8.982761268
2019/10/31,3810.538213,5930.836363,10.76197008
2019/11/1,3813.300413,5931.633976,11.282287
2019/11/2,3812.199995,5934.041373,11.19508821
2019/11/3,3815.898671,5935.863321,12.68266533
2019/11/4,3815.140733,5937.773867,13.79021392
2019/11/5,3813.475478,5936.991788,12.50519892
2019/11/6,3817.966343,5939.67745,13.84846562
2019/11/7,3818.03832,5943.005891,15.94270993
2019/11/8,3817.406897,5946.040351,19.19531193
2019/11/9,3822.280421,5948.57822,20.28915967
2019/11/10,3825.879232,5946.911889,20.94254044
2019/11/11,3825.925789,5949.828412,21.16695538
2019/11/12,3828.721486,5953.503741,22.98477757
2019/11/13,3830.067234,5958.680476,23.14584196
2019/11/14,3831.931615,5957.815792,26.6300582
2019/11/15,3833.700168,5963.193059,25.33081128
2019/11/16,3833.699823,5962.761537,27.33056897
2019/11/17,3830.956938,5960.510925,26.8646608
2019/11/18,3836.107409,5966.308881,24.32570657
2019/11/19,3833.084652,5963.794602,24.35343918
2019/11/20,3838.513632,5969.753162,25.14855861
2019/11/21,3840.999593,5971.5337,26.45959183
2019/11/22,3838.187252,5973.176117,30.33710599
2019/11/23,3843.654044,5978.484895,32.03841444
2019/11/24,3845.829593,5979.61147,30.05877576
2019/11/25,3844.613027,5980.673113,30.12407675
2019/11/26,3844.967675,5983.98577,32.06446631
2019/11/27,3850.142343,5985.268664,32.06571378
2019/11/28,3848.285451,5980.848768,32.89711234
2019/11/29,3853.372784,5981.436626,37.63429287
2019/11/30,3846.637603,5978.822509,33.83164199
2019/12/1,3850.592326,5978.752382,33.04391018
2019/12/2,3854.857323,5982.710737,38.1432825
2019/12/3,3853.174709,5981.102608,37.83397944
2019/12/4,3857.558946,5984.511821,36.04996533
2019/12/5,3858.713891,5990.702826,38.18075431
2019/12/6,3858.939244,5990.088415,42.99313899
2019/12/7,3857.160305,5992.082524,41.09428184
2019/12/8,3860.142093,5993.194878,42.58978751
2019/12/9,3863.759529,5994.988968,44.40664365
2019/12/10,3860.911253,5993.588462,47.28985092
2019/12/11,3865.643027,5999.868776,47.38417457
2019/12/12,3863.114465,5998.009954,44.99011002
2019/12/13,3862.38012,5995.513478,45.33541662
2019/12/14,3865.678596,5996.440692,46.54599875
2019/12/15,3867.420046,5998.292289,47.52799175
2019/12/16,3872.077526,6001.353721,48.36558694
2019/12/17,3870.713694,6002.06053,50.06006392
2019/12/18,3873.679803,6005.913134,49.7881512
2019/12/19,3875.835411,6006.975121,48.15070093
2019/12/20,3876.471388,6010.250531,51.52717729
2019/12/21,3876.104134,6004.970226,53.54185279
2019/12/22,3876.921874,6007.745985,52.2613624
2019/12/23,3879.079975,6016.058099,55.63146592
2019/12/24,3882.044361,6015.616308,54.67897219
2019/12/25,3883.387987,6014.40216,55.1138821
2019/12/26,3881.710977,6012.968414,52.19013317
2019/12/27,3882.350069,6013.231133,56.84197393
2019/12/28,3885.080967,6014.546934,56.14276445
2019/12/29,3881.516449,6013.487273,59.86225856
2019/12/30,3883.938078,6019.28412,62.43788914
2019/12/31,3883.505491,6022.922821,64.60742991
2020/1/1,3886.124377,6027.371202,67.41186839
2020/1/2,3887.89847,6029.847967,70.51482114
2020/1/3,3889.33393,6029.676978,69.20187859
2020/1/4,3893.225553,6035.058848,68.72219438
2020/1/5,3898.872946,6035.687205,68.17873569
2020/1/6,3895.36185,6035.573983,71.42380556
2020/1/7,3896.095506,6035.642936,70.5866843
2020/1/8,3895.029266,6036.460841,74.86013625
2020/1/9,3896.825666,6035.093909,76.59516956
2020/1/10,3895.149806,6034.545452,77.1757734
2020/1/11,3900.187124,6040.180468,79.35420594
2020/1/12,3898.839966,6039.211363,79.64772439
2020/1/13,3900.759038,6041.586103,81.04177935
2020/1/14,3903.493703,6043.720234,82.29641547
2020/1/15,3903.706062,6045.544932,79.6297683
2020/1/16,3903.947555,6042.539104,80.63950645
2020/1/17,3906.565951,6042.227124,79.56418792
2020/1/18,3906.474626,6045.825011,79.78784369
2020/1/19,3907.741189,6048.091595,80.6265465
2020/1/20,3907.680851,6049.828333,81.91812986
2020/1/21,3908.664644,6049.275307,86.20771427
2020/1/22,3906.370731,6049.90052,86.14238214
2020/1/23,3910.722325,6052.353682,83.86590487
2020/1/24,3911.515601,6055.440792,84.03868157
2020/1/25,3910.127663,6050.25704,83.37709518
2020/1/26,3911.197107,6049.786643,81.45937638
2020/1/27,3916.49873,6053.020771,86.43749187
2020/1/28,3916.620571,6053.842192,88.05072402
2020/1/29,3916.689406,6057.946211,86.55749534
2020/1/30,3917.579454,6056.74906,88.86765441
2020/1/31,3918.647064,6056.278902,86.91956051
2020/2/1,3920.462148,6061.936243,89.11301813
2020/2/2,3920.499149,6061.435376,90.76833148
2020/2/3,3920.247567,6060.342645,91.96189428
2020/2/4,3922.01656,6060.880057,92.12225573
2020/2/5,3920.203737,6060.283751,93.7845403
2020/2/6,3924.286874,6063.266475,94.16846606
2020/2/7,3923.577323,6064.251463,93.66632266
2020/2/8,3924.914334,6064.268449,91.59590602
2020/2/9,3929.286401,6067.008372,94.01813655
2020/2/10,3933.071178,6071.013921,96.73355157
2020/2/11,3933.188738,6069.120967,93.30010718
2020/2/12,3933.956813,6069.088516,92.70151023
2020/2/13,3933.817974,6069.124067,91.87415306
2020/2/14,3934.640311,6070.805371,96.4078835
2020/2/15,3936.110823,6072.27468,98.47375285
2020/2/16,3935.243856,6070.629247,95.56678293
2020/2/17,3935.622134,6071.435041,98.26912028
2020/2/18,3935.928457,6070.797138,99.65731283
2020/2/19,3938.033664,6075.24555,99.13531157
2020/2/20,3939.124564,6074.873798,98.92977307
2020/2/21,3939.687615,6075.91661,101.0826395
2020/2/22,3942.662281,6077.355205,103.1336996
2020/2/23,3946.983458,6080.774448,107.4377029
2020/2/24,3947.299168,6082.38758,112.3765545
2020/2/25,3947.858064,6086.306803,116.713067
2020/2/26,3948.940112,6086.766479,118.1218862
2020/2/27,3947.954282,6088.650756,117.6189185
2020/2/28,3952.578304,6092.58348,117.5650033
2020/2/29,3952.559019,6090.249874,121.8305791
2020/3/1,3955.020327,6092.155606,122.5496226
2020/3/2,3953.040579,6089.488741,117.6666903
2020/3/3,3952.370844,6086.026116,115.4258203
