date,TP1,TP2,TP3,TP4,TP5,TP6,TP7,TP8,TP9,TP10,TP11,TP12,TP13,TP14,TP15,TP16,TP17,TP18,TP19,TP20,TP21,TP22,TP23,TP24,TP25,TP26,TP27,TP28,TP29
2017/12/15,0,0,0,0,0,0,0,0,0,,,,,,,,,,,,,,,,,,,,
2017/12/16,-3.2,3.3,3.8,3.5,3.2,0.4,0.9,3.5,-0.2,,,,,,,,,,,,,,,,,,,,
2017/12/17,3.5,4.7,4.4,5.1,4,0.7,1.1,4.3,-0.2,,,,,,,,,,,,,,,,,,,,
2017/12/18,4.6,6.8,6.8,6.8,5.3,0.6,2.5,7.8,7.1,,,,,,,,,,,,,,,,,,,,
2017/12/19,4.5,7.6,7.7,7.7,5.3,0.1,1.2,7.3,7.4,,,,,,,,,,,,,,,,,,,,
2017/12/20,5,9,8.4,9,5.7,-0.6,0.5,7.3,1.2,,,,,,,,,,,,,,,,,,,,
2017/12/21,4.3,9.6,8.3,9.9,5.9,-1.2,-0.5,6.2,2.3,,,,,,,,,,,,,,,,,,,,
2017/12/22,3.8,11.1,9.7,11.3,6.4,-1.5,-0.7,8.4,1.5,,,,,,,,,,,,,,,,,,,,
2017/12/23,5,12.5,10.2,12.8,7.4,-1.3,-0.9,9.4,1.2,,,,,,,,,,,,,,,,,,,,
2017/12/24,4.1,14.8,12.3,15.7,9.8,-0.4,0.7,11.8,1.4,,,,,,,,,,,,,,,,,,,,
2017/12/25,6,16.2,14.4,17.4,11.2,0.5,1.5,18,8.9,,,,,,,,,,,,,,,,,,,,
2017/12/26,6.2,17.8,15.4,18.5,11.6,-0.3,1,13.8,7.6,,,,,,,,,,,,,,,,,,,,
2017/12/27,7.3,19.3,16.3,19.4,11.7,-1.1,0.1,18.2,7.9,,,,,,,,,,,,,,,,,,,,
2017/12/28,8,21.2,18.7,22.3,14,-0.2,1,17.2,10.9,,,,,,,,,,,,,,,,,,,,
2017/12/29,8.7,22.9,20.2,24,15,-0.4,0.9,18.5,11.6,,,,,,,,,,,,,,,,,,,,
2017/12/30,8.4,25.8,21.7,26.9,16.2,0.2,1.2,18.8,9.3,,,,,,,,,,,,,,,,,,,,
2017/12/31,9.2,27.1,23.4,28.1,17.3,-0.3,0.5,20.6,12.7,,,,,,,,,,,,,,,,,,,,
2018/1/1,8.8,29.9,25.7,31.4,19.3,0.8,1.9,22.3,10.9,,,,,,,,,,,,,,,,,,,,
2018/1/2,11,32.4,28.3,33.9,20.5,0,1,23.9,11.7,,,,,,,,,,,,,,,,,,,,
2018/1/3,10.7,35.2,29.9,36.2,21.6,0.8,1,26.6,11,,,,,,,,,,,,,,,,,,,,
2018/1/4,11.4,39.7,34.5,42.9,27.7,4.4,7,30.5,16.9,,,,,,,,,,,,,,,,,,,,
2018/1/5,11.2,42.2,36.6,44.7,27.7,4.3,5.3,34,15.7,,,,,,,,,,,,,,,,,,,,
2018/1/6,10.3,42.3,35.1,42,23,-3.6,-2.5,29.5,10.9,,,,,,,,,,,,,,,,,,,,
2018/1/7,12.9,47.6,40.8,49.1,30.2,3.5,4.6,35.2,18.5,,,,,,,,,,,,,,,,,,,,
2018/1/8,14.3,49.2,42.3,50,30.5,1.8,2.7,35.4,15.5,,,,,,,,,,,,,,,,,,,,
2018/1/9,14.5,52.9,45.7,54.8,33.5,4.4,5.4,38.5,20.1,,,,,,,,,,,,,,,,,,,,
2018/1/10,16.6,55.7,47.3,56.8,33.9,3.3,3.8,40.3,16.9,,,,,,,,,,,,,,,,,,,,
2018/1/11,14.4,57.7,48.7,59,35.8,2.3,3.7,44.5,18.3,,,,,,,,,,,,,,,,,,,,
2018/1/12,15.4,58.8,48.1,58.4,33.1,-2.4,-1,41,17,,,,,,,,,,,,,,,,,,,,
2018/1/13,15.8,63.4,53.2,63.9,37.7,1.1,2.6,45.2,20.6,,,,,,,,,,,,,,,,,,,,
2018/1/14,17.6,66.4,55.6,66.4,39,0.3,1.8,48.7,21.4,,,,,,,,,,,,,,,,,,,,
2018/1/15,18.2,70.5,58.7,71.1,42.1,1.3,2.2,55.6,37.1,,,,,,,,,,,,,,,,,,,,
2018/1/16,19.7,73.9,61.3,73.5,43.1,0.5,1.8,53.7,23.1,,,,,,,,,,,,,,,,,,,,
2018/1/17,19.2,77.2,64.5,77.6,45.1,0.5,1.9,60.2,20.1,,,,,,,,,,,,,,,,,,,,
2018/1/18,20.8,81.3,67.1,81.1,46.9,0.2,1.6,59.8,20.1,,,,,,,,,,,,,,,,,,,,
2018/1/19,21.2,85.1,71.1,85,49.8,0.9,2.6,60.8,21.2,,,,,,,,,,,,,,,,,,,,
2018/1/20,19.1,89.2,73.7,88.5,51.1,0.1,1.4,62.7,20.1,,,,,,,,,,,,,,,,,,,,
2018/1/21,22.6,93.2,78.1,93,53.6,0.6,2.2,65.7,20.1,,,,,,,,,,,,,,,,,,,,
2018/1/22,21.7,96.8,81.3,96.8,55.5,0.3,1.6,67.5,23.2,,,,,,,,,,,,,,,,,,,,
2018/1/23,24.1,100.6,84.4,100.2,57,-0.8,0.4,70.3,19.9,,,,,,,,,,,,,,,,,,,,
2018/1/24,23.9,104.2,87.1,103.6,58.3,-1.8,-0.5,73.3,18.1,,,,,,,,,,,,,,,,,,,,
2018/1/25,23.2,108.7,90.7,108.1,60.3,-2.2,-0.8,76.6,22.1,,,,,,,,,,,,,,,,,,,,
2018/1/26,26,114.4,96,114.6,65.1,0.2,1.8,79.3,23.3,,,,,,,,,,,,,,,,,,,,
2018/1/27,26,119.5,100.6,119.7,68.4,0.6,2.1,82.8,23.2,,,,,,,,,,,,,,,,,,,,
2018/1/28,26.8,124.1,104.8,124.8,70.9,0.7,1.7,88,23.7,,,,,,,,,,,,,,,,,,,,
2018/1/29,29,129,108.8,129.8,73.3,-0.1,1.1,89.1,23,0,0,0,0,0,0,0,0,0,0,0,0,0,0,0,,,,,
2018/1/30,28.5,134.4,113.1,135.5,76.2,-0.8,0.7,94.5,25.9,-2.3,-1.2,1.2,-0.9,3.4,-3.5,-6.7,3.7,2.2,1.9,5.1,0.1,-0.5,4,3.8,,,,,
2018/1/31,30.1,140.3,118.8,142.1,80.8,-0.3,1.3,100.2,27.2,-1.5,-2.6,-0.9,-1.6,9.5,-11.1,-16.2,11,3.1,8.6,14.1,-0.1,-0.2,10.1,7,,,,,
2018/2/1,30,147.1,125,149.5,85.6,0.5,1.8,104.4,26.4,-1.3,-2.4,-4.7,-3.1,15.9,-20.2,-28.9,17.8,3,13.7,23.2,-2.4,0.1,13.4,13.2,,,,,
2018/2/2,31.5,154.4,130.8,157.2,88.1,-0.8,0.9,108.8,26.5,-1.1,-0.4,-0.8,-0.3,22.3,-23,-39,26.4,7.2,20.3,34.2,0.1,-0.5,18.2,18.2,,,,,
2018/2/3,35.6,161.8,137.9,165.2,92.6,-1.5,0.2,115.4,28.1,-0.8,2,4.5,1,30.2,-26.7,-50.2,36.5,11.2,28.4,47.2,2.9,0.6,23.7,23.5,,,,,
2018/2/4,34.2,171.4,146.8,175.7,97.9,-1,0.1,122.3,25,-0.2,2,3.8,2.3,39.6,-34.5,-65.2,48.3,13.1,37.7,61.7,3.5,1.7,30.3,30.5,,,,,
2018/2/5,36.4,183.9,157.5,189,105.6,0,1.3,131.3,25.6,-1.1,3.5,3.2,1.2,50,-44.5,-86.3,58.1,15.3,47.3,78,-1.2,0.5,39.5,39.6,,,,,
2018/2/6,41.3,199.7,172.5,206.7,114.6,0.6,2,144.5,29.6,-0.8,3,1.8,2.8,64.2,-60.5,-110.6,79.6,17.6,61.6,102.7,1.6,1.8,50.8,51.2,,,,,
2018/2/7,45,221.2,191.6,229.5,127.2,-0.3,1.1,159.5,27.4,-0.1,6.3,3.4,6.1,85.3,-77.6,-141,101,23.3,80.2,134.9,1.6,1.2,66.2,66.3,,,,,
2018/2/8,50.6,258.8,225.9,270.8,149.8,0.4,1.9,186.6,27.1,-1.6,3.7,-3.3,6.3,120.5,-119.8,-199.9,145.5,28.1,111.8,192.8,0.4,2.4,94,93.5,,,,,
2018/2/9,61.9,339,302.5,359.9,202.6,0.5,2,249.6,27.9,-1.1,3.3,-1.1,10.4,201.1,-208.8,-319.4,233.9,45.8,184.8,319.4,-0.1,0.7,154.7,153.3,,,,,
2018/2/10,91,566.7,515.7,605.7,337.3,0.7,2.1,419.6,29.7,-0.7,-6.6,-0.4,25.1,442.3,-494.8,-707.2,486.7,97.1,401.6,691.2,-0.4,1.9,323.2,317.9,,,,,
2018/2/11,,1177.1,1082.9,1249.4,689.2,0.4,1.7,812.7,24.1,-1.5,-64.2,-0.5,59.5,1081.2,-1128.2,,,215.9,974.7,1636.8,-0.2,1,764.2,,,,,,
2018/2/12,,1673.6,1572.3,1777.5,926,1.7,3.5,1151,24.7,-0.4,-131,-1.5,109.7,1629.9,-1289.6,,,283,1469.9,2398.2,0.7,-0.1,,,,,,,
2018/2/13,,1989.8,1884.4,2108.3,,0.9,2,1366.5,23.5,-2.7,-194.1,-3.8,147.8,2026.2,-1263.2,,,425.4,1834.2,2821.8,-2.7,-1.7,,,,,,,
2018/2/14,,2175.1,2067.6,2300.4,,1.2,2.3,1489.6,24.1,0.2,-216.1,-3.4,178.4,2230.1,-1310.1,,,550.8,2021.9,3244.5,-0.6,2.3,,,,,,,
2018/2/15,224.5,2301.5,2192.7,2430,,0.8,2.7,1570,23.5,-0.1,-235.7,2.8,202.3,2376,-1376.7,,,645.3,2149.3,3453.1,0.6,2,,,,,,,
2018/2/16,230.7,,2286.9,2524.3,,2.7,4.4,1627.6,24.6,-3.6,-254.9,-0.2,215.9,2474.2,-1444.4,,,719.3,2237.2,3600,0.4,0.2,,,,,,,
2018/2/17,235.9,,2341.6,2580.9,,1.8,3.2,1662.5,23.6,-3,-262.5,-1.7,226.2,2539.5,-1487.9,,,765.6,2297.4,3692.8,-2.7,-1,,,,,,,
2018/2/18,240.7,,2387.7,2628,,1.5,3.6,1691.4,23.4,0.4,-265.8,2.6,241.1,2597.5,-1513.6,,,807.4,2343.7,3772.7,2.2,2.5,,,,,,,
2018/2/19,244.2,,2428.1,2671,,1.2,3.2,1718,22.7,-1.2,-275.3,-4.4,247.4,2645.2,-1545.4,,,839.4,2398.2,3841.8,-1.9,1.9,,,,,,,
2018/2/20,246.5,,2461.8,2707.7,,0.2,1.9,1740.5,22.3,-0.6,-277.1,3.3,257.6,2689.7,-1576.5,,,867.5,2435.6,3900,2.4,0.7,,,,,,,
2018/2/21,251,,2493.5,2740.8,,0.5,1.9,1761.1,22.1,1.3,-280.2,5.4,266.2,2731.5,-1597.8,,,896.6,2472,3954.9,4.5,3.3,,,,,,,
2018/2/22,254.1,,2521,2770,,0.9,2.7,1780,22.8,0.2,-291.5,-1.5,269,2764.8,-1621.7,,,915.7,2499.4,3997.8,-0.9,0.7,,,,,,,
2018/2/23,257.1,,2545.2,2794.8,,-0.3,0.9,1795.5,21.9,0.6,-293.1,3.8,276.6,2797.1,-1636.9,,,942.4,2528.5,4038.9,2.2,1.9,,,,,,,
2018/2/24,260.3,,2568.1,2817.8,,0.5,0.9,1810.3,21.8,0.6,-298,-1.3,281.5,2823.9,-1654.9,,,965.9,2553,4075.4,0.4,2.4,,,,,,,
2018/2/25,262.4,,2586.4,2836.7,,-0.4,0.9,1821.9,21.4,0.3,-301.8,2.5,287,2848.2,-1674.5,,,985,2574.2,4105.6,1.7,2.4,,,,,,,
2018/2/26,264.7,,2602.8,2852.7,,-0.7,0.8,1832,21.3,0.2,-305.4,3.4,291,2868.9,-1688.6,,,1002.8,2591.4,4131.8,2.4,2.4,,,,,,,
2018/2/27,265.9,,2615.5,2866.1,,-1.1,0,1840.8,20.6,-1.2,-310.1,2.2,294.2,2887.6,-1703.6,,,1018.7,2605.2,4154.7,1.1,1.4,,,,,,,
2018/2/28,269,,,2879.9,,-0.1,1.5,1849.9,21.6,0.4,-308.8,1.4,298.5,2903.9,-1714.4,,,1032.8,2617.4,4173.7,3,1.4,,,,,,,
2018/3/1,270,,,2891.7,,-0.4,1.3,1858,21.2,-0.3,-313.6,3.7,300.8,2920.7,-1721.2,,,1047.1,2632.7,4194.6,3.2,3.4,,,,,,,
2018/3/2,272.1,,,2903.9,,0.3,1.9,1865.6,21.4,-0.2,-317.3,1.3,303.2,2934.4,-1731.4,,,1059.8,2642.9,4211.9,1.4,1.6,,,,,,,
2018/3/3,273,,,2914.1,,1.2,1.9,1873,21.9,-0.4,-318.5,5.3,307.6,2946.3,-1735.9,,,1073.8,2653.7,4229.8,4.2,3.2,,,,,,,
2018/3/4,275.8,,,2924.3,,1,2.4,1879.4,22.2,1,-316,6.3,312.1,2958.6,-1741,,,1085.5,2663.2,4244,3.5,3.8,,,,,,,
2018/3/5,276.5,,,2932.2,,0.8,2,1884.7,21.9,0.3,-320.6,3.6,312.1,2968.8,-1751.1,,,1094,2671.4,4257.1,2.9,2.6,,,,,,,
2018/3/6,277.6,,,2939.8,,0.2,1.7,1890.6,21.6,0.3,-321.6,4.2,316.2,2979.5,-1757.9,,,1104.2,2677.1,4270.8,3,3.4,,,,,,,
2018/3/7,279.2,,,2947.1,,0.1,1.7,1895.7,22.1,0.4,-321.9,5.4,318.5,2989.3,-1763,,,1113.3,2684.5,4282.2,3.2,3,,,,,,,
2018/3/8,280,,,2953.2,,0,1.4,1899.9,21.7,0.1,-323.9,2,321.4,2997.5,-1769.2,,,1121.7,2691.4,4292.9,3.2,3.6,,,,,,,
2018/3/9,281.1,,,2959.8,,0.9,2.2,1905,22.1,0.4,-325.5,3.4,321.9,3004.5,-1775.3,,,1128.1,2697.1,4302,3.5,3.2,,,,,,,
2018/3/10,281.8,,,2964.5,,0.4,1.9,1908.9,22.1,0.1,-327.7,1.5,324.2,3011.8,-1780.5,,,1134,2703,4310.6,3,3.7,,,,,,,
2018/3/11,282.8,,,2969.6,,0.4,2,1912.8,21.7,0.3,-330.9,-2.9,325,3018.1,-1789,,,1139.5,2705.7,4318.6,1.2,3.2,,,,,,,
2018/3/12,282.8,,,2972.8,,-0.7,1,1914.6,20.5,-0.7,-330.9,0.9,326.5,3012.4,-1792.6,,,1145.5,2709.4,4325.1,2.4,2.3,,,,,,,
2018/3/13,284,,,2976.9,,-0.7,0.8,1917.6,20.4,0,-329.8,2.4,328.9,3018,-1794.3,,,1150,2713.3,4331.7,4.2,3.1,,,,,,,
2018/3/14,285,,,2981.2,,0.2,2,1921.4,21.8,0.1,-330.9,0.1,329.9,3023.5,-1796.3,,,1155.8,2717.5,4338.6,2,2.7,,,,,,,
2018/3/15,,,,2984.3,,0,1.5,1923.8,21.1,-0.2,-332.1,4.5,330.4,3027.6,-1798,,,1160.9,2719.6,4343.5,3.8,3.1,,,,,,,
2018/3/16,,,,2985.9,,-1.7,-0.8,1925.4,19,-0.8,-336.3,2.3,326.8,3031.2,-1801.7,,,1160.2,2722.6,4347.9,2,2.3,,,,,,,
2018/3/17,,,,2990.7,,0.3,1.8,1929.7,21.4,-0.1,-333.5,3.6,332.8,3036.4,-1802.4,,,1169.8,2726.3,4353.8,3.7,3.5,,,,,,,
2018/3/18,,,,2993.5,,0.5,1.9,1932.4,21.6,0.1,-332.9,3.5,334.7,3039.9,-1804,,,1174.3,2729.5,4359.4,4.2,4,,,,,,,
2018/3/19,,,,2995.7,,0.4,1.9,1935.1,21.5,-0.3,-337.3,2.5,333.5,3042.6,-1810.2,,,1174.2,2730.6,4362.4,1.4,2.5,,,,,,,
2018/3/20,,,,2997,,-0.5,1.2,1936.3,20.8,-0.6,-339.1,4.7,333.2,3046.3,-1807.6,,,1177.7,2733.7,4365.8,2.7,2.7,,,,,,,
2018/3/21,,,,2999.4,,0.4,2.4,1939.1,21.3,-0.3,-339.1,-0.2,333.2,3049.7,-1814.5,,,1179.2,2735.6,4370.4,2.2,3.5,,,,,,,
2018/3/22,,,,3000.7,,-0.1,1.9,1940,21.1,-0.4,-339.4,2.3,334.3,3051.1,-1812.2,,,1183.8,2735.2,4371.6,2.2,2.3,,,,,,,
2018/3/23,,,,3002.4,,1.1,2.7,1942.3,22.3,-0.2,-339.9,1.2,335.3,3053.9,-1812.4,,,1184.8,2737.5,4375.1,1.7,3.2,,,,,,,
2018/3/24,,,,3002.9,,-0.4,1.6,1942.1,20.8,-0.6,-338.5,5.9,338.1,3056.6,-1812.6,,,1188.6,2737.1,4377.7,4.3,3.5,,,,,,,
2018/3/25,,,,3004.5,,0.2,1.8,1943.7,21.2,-0.2,-341.7,5,336.3,3058.7,-1813.3,,,1190.6,2741,4380.2,4.3,3.9,,,,,,,
2018/3/26,,,,3005.8,,0.5,2.1,1944.1,21.8,-0.3,-339.4,1.7,339.4,3060.8,-1818.2,,,1192,2741,4383,2.9,3.7,,,,,,,
2018/3/27,,,,3006.3,,-0.2,1.2,1947.2,20.9,-0.1,-341.4,2.7,337.3,3062.2,-1818.8,,,1193.4,2741,4384.3,2.9,3.1,,,,,,,
2018/3/28,,,,3005.4,,-2.2,-1,1946.1,18.1,-1.9,-347.1,-1.5,333.7,3061.4,-1818.8,,,1193.9,2739.9,4383.8,0.1,1.8,,,,,,,
2018/3/29,,,,3007,,-1.1,0.1,1947.5,19.1,-0.8,-345.5,2.4,336.8,3065.3,-1820.4,,,1194,2742,4387.3,3.2,2,1997.4,,,,,,
2018/3/30,,,,3008.6,,-0.6,0.4,1950.2,20,-0.2,-347,-2.4,335.5,3066.9,-1823.3,,,1194.2,2742.6,4389.5,2.2,2.4,1999.2,,,,,,
2018/3/31,,,,3008.6,,-1.1,0,1950.7,19.6,-0.3,-346.8,-1.7,336.1,3068.4,-1825.6,,,1195.3,2742.8,4390.4,-1.6,1.8,1999.4,,,,,,
2018/4/1,,,,4.1,,3.7,4.4,3.6,3.6,0.9,2.8,9.1,3.1,3.6,7.2,,,5.4,3.8,5,10,4.1,3.1,,,,,,
2018/4/2,,,,5.5,,5.7,6.4,5.1,5.7,0.8,4.8,13.3,4.6,7,8.9,,,8,6.6,8.4,13.6,5.2,3.9,,,,,,
2018/4/3,,,,3.8,,1.4,1.4,3,0.9,0,1.4,9.6,3.4,5.3,7.6,,,6.6,5.2,6.3,9,3.7,2.6,,,,,,
2018/4/4,,,,4.3,,1.9,2.1,3.5,-0.7,-0.6,0.7,7.6,0.9,5.7,4.9,,,11.1,4.4,7.6,7.5,2.1,3.2,,,,,,
2018/4/5,,,,4.3,,0.4,0.3,3.4,-2.3,0.3,0.3,6.7,3.2,7.7,2.5,,,8.8,4.2,8.7,5.2,0.9,3.4,,,,,,
2018/4/6,,,,5.4,,0.9,0.8,4.7,-2,0.3,-1.4,1.8,2.8,8.6,-1,,,9,3.9,9.8,3.2,0.1,4.1,,,,,,
2018/4/7,,,,6.8,,1.6,2.1,6,1.2,0.6,-4.8,-0.3,0.7,8.9,-6.9,,,7.3,4.1,10.7,1.7,0.5,5.7,,,,,,
2018/4/8,,,,6,,0.4,0.2,5.3,-0.6,-0.5,-4.7,4.1,0.4,8.7,2.5,,,12.5,3.5,9.9,4.5,0.5,4.9,,,,,,
2018/4/9,,,,6.8,,0.2,0.8,5.6,-0.5,0.2,-0.2,6.7,4.8,12,-1.5,,,14.5,6.2,13.4,4.9,0.7,5.6,,,,,,
2018/4/10,,,,7.5,,0.4,1.2,6.9,-0.2,0.5,-0.4,7,5.3,13.8,2.7,,,14.8,7,15.4,6.4,2,6.8,,,,,,
2018/4/11,,,,8.3,,0.4,1.7,7.7,0,1,1.8,8.5,7.8,16.4,2.8,,,16,8.8,18.2,7.4,2.8,7.8,,,,,,
2018/4/12,,,,8.3,,0.4,0.5,9.3,-0.2,-0.1,1.8,0.4,6.7,15,-0.4,,,20,8.2,16.2,3.2,1.8,8.2,,,,,,
2018/4/13,,,,9.8,,1.2,1.3,10.7,0.3,0.4,-0.7,0.4,4.2,15,-3.7,,,17.6,6.4,16.9,0.8,0,9.2,,,,,,
2018/4/14,,,,10.6,,1.6,1.1,12.2,0.5,0.1,-1.9,-3.6,2.4,14.3,-6.9,,,18.4,5.2,16.3,-2.5,-1.4,9.9,,,,,,
2018/4/15,,,,11.8,,2.2,1.4,13.7,0.9,0.2,-3.7,-5.6,0.3,14,-11.7,,,17.6,3.7,16.4,-5.3,-3,10.8,,,,,,
2018/4/16,,,,8.9,,-1.6,-1.9,18.7,-1.6,-1.4,-6.6,-7.8,2.5,15.7,-5.9,,,18.9,2.3,18.9,-2.9,-1.4,7.9,,,,,,
2018/4/17,,,,9.6,,0,-0.1,16.6,-0.6,-0.2,-1.6,-4.6,6.1,19.3,-3.2,,,24.5,5,23.7,-0.4,1,9.7,,,,,,
2018/4/18,,,,13.2,,1.6,1.7,14.5,0.9,1,3.1,-1.1,8.9,21.8,-0.5,,,27.6,7.7,26.2,1.1,2.7,11.5,,,,,,
2018/4/19,,,,13.5,,1.6,2,15.1,1,1,1.7,-1.1,6.8,22.3,-1.3,,,26.8,6.7,25.9,1.9,2.3,12,,,,,,
2018/4/20,,,,13.8,,1.7,2.2,15.6,1.1,0.9,0.2,-1.2,4.7,22.7,-4.6,,,26,5.6,25.6,2.6,1.9,12.4,,,,,,
2018/4/21,,,,14.1,,1.8,2.5,16.2,1.2,0.9,-1.2,-1.2,2.6,23.2,-6.6,,,25.2,4.6,25.3,3.4,1.5,12.9,,,,,,
2018/4/22,,,,14.4,,1.9,2.8,16.8,1.3,0.9,-2.6,-1.2,0.5,23.7,-9.2,,,24.4,3.6,25,4.2,1.1,13.4,,,,,,
2018/4/23,,,,15.3,,2.1,3,18.3,2.2,-1.3,-3.4,-0.5,3.3,21.8,-10,,,25,3.9,25.7,-0.2,-1.4,13.7,,,,,,
2018/4/24,,,,13.5,,0.5,-0.1,17.6,-0.7,0,-2.2,-6.1,2.8,23.6,-5.5,,,28.4,6.3,27.1,-1.5,0.6,13.1,,,,,,
2018/4/25,,,,15.6,,1.5,2.4,18.6,0.9,0.5,-2.9,2.1,5.2,25.7,-6.2,,,30.3,6.5,29.4,3.7,1.3,14.2,,,,,,
2018/4/26,,,,15.8,,1.3,2.2,18.8,0.4,1.3,-2.6,-1.3,6.1,27.4,-4.5,,,32.6,7.7,31,1.5,2.7,14.5,,,,,,
2018/4/27,,,,15.9,,1.6,1.9,18.9,0.5,0.5,-3.3,-4.7,5.9,26.6,-6.6,,,31.9,7.1,31.3,-0.2,1.7,14.4,,,,,,
2018/4/28,,,,16,,1,1.6,19,0.5,-0.3,-4.1,-7,4.8,25.8,-8.7,,,30,6.4,30.5,-2,0.1,14.3,,,,,,
2018/4/29,,,,15,,0.9,2.4,16.6,0.6,-1.9,-4.7,-3.5,5.4,26.5,-10.4,,,28,5.9,30.3,-0.5,0.1,15.4,,,,,,
2018/4/30,,,,18.6,,1,1,19.3,0,0.2,-4.2,0.5,6.1,28.6,-10.2,,,32.7,7.8,33.7,3,1.4,14.8,,,,,,
2018/5/2,,,,19.2,,1,1.2,19.6,-0.2,0.3,-2.3,3.9,9,30,-7.7,,,36.7,8.2,35.5,4.7,2,15.5,,,,,,
2018/5/3,,,,19.8,,1,2.7,20.8,0.3,-0.7,-1.3,-1.6,7.9,31.6,-9,,,37.3,7.7,36.4,3.5,1.2,15.9,,,,,,
2018/5/4,,,,20.9,,1,3.8,21.8,0.5,-1.2,0.6,-0.2,9.1,33.5,-9.4,,,39.1,7.7,37.5,3.7,1.2,16.4,,,,,,
2018/5/5,,,,19.5,,0.4,1.5,20.9,-0.4,-0.2,-1.5,4.5,7.6,33.3,-8.2,,,38.5,9.5,39.4,5.5,2.4,16.8,,,,,,
2018/5/6,,,,20.3,,1.1,2.3,21.2,-0.6,-0.7,-0.3,-6.6,8,33.2,-9.3,,,40.4,9.4,39.7,-1.4,-0.1,16.8,,,,,,
2018/5/7,,,,20.5,,1,1.7,21.2,-0.6,-1.3,-1.6,3.4,6.9,33.2,-10.5,,,40.7,8.6,40.2,3.1,1.2,16.4,,,,,,
2018/5/8,,,,20.8,,0.3,1,20.8,-1.6,-1.4,-4.8,-1.6,5,32,-14,,,37.6,7.5,38.7,-0.3,-1,16.6,,,,,,
2018/5/9,,,,20.4,,-1.2,-0.6,20.2,-2.7,-1.4,-2.5,2.4,6.5,33.3,-11.9,,,39.8,7.9,40,1.6,-1,16.6,,,,,,
2018/5/10,,,,19.6,,0.6,-1.5,19.8,-3.5,-1.1,-0.1,2,6.4,33.4,-10.3,,,39.5,9.2,42.4,1,-1.7,16.7,,,,,,
2018/5/11,,,,23.2,,0.7,2.2,22.9,-0.8,-2.1,-6.2,-1.8,4.2,34.4,-15.6,,,39.1,8.2,41.8,-2,-1.7,18.8,,,,,,
2018/5/12,,,,26.1,,3.5,1.2,25.3,-0.3,1.1,-6.2,-1.6,4.1,34.8,-15.2,,,38.4,8.9,43.4,-0.9,-0.8,18.9,,,,,,
2018/5/13,,,,22.4,,-2.3,-1.1,20.8,-4,-2.9,-4.3,-2,6,35.5,-15,,,43.1,8.6,43.8,-0.6,-1.8,16.7,,,,,,
2018/5/14,,,,21.4,,-3.3,-3.5,18.3,-4.2,-1.2,-1.6,-0.9,4,35.6,-12.7,,,43.6,10.4,47.1,0.7,-2.1,15.7,,,,,,
2018/5/15,,,,21.6,,-5.4,-4.5,19.8,-7.1,-3.2,-7,-6.7,3.5,36.7,-18.9,,,42.6,9,43.7,-6.7,-4.6,16.4,,,,,,
2018/5/16,,,,25.9,,-1.2,-0.3,23,-4.3,-1.7,-5,0.3,7.1,39.7,-13.6,,,47.1,13.2,48.3,-0.2,-2.1,19.5,,,,,,
2018/5/17,,,,28.2,,-0.1,1.3,25.4,-4.3,-1.9,-6.7,0.9,8.7,41.8,-14,,,48.9,14.6,48.9,-0.6,-2.1,21.4,,,,,,
2018/5/18,,,,28.5,,-1.7,-0.1,24.7,-3,-3.1,-8.5,-3.5,5.8,42.4,-20.3,,,46.6,14.7,52.9,-1.9,-1.1,21.4,,,,,,
2018/5/19,,,,30.7,,-1.1,-0.3,25,-0.7,0.4,-8.8,-4.2,7.4,42.7,-21.1,,,48.7,17,55.9,2.3,-2.8,21.8,,,,,,
2018/5/20,,,,31.9,,-0.7,0.5,26.4,-2.9,-0.1,-3.8,-6.7,10.6,47.1,-17.4,,,55.1,19.2,56.9,-4.8,-0.8,23.5,,,,,,
2018/5/21,,,,31.6,,-1.2,-0.2,26.7,-3.5,-2,-8.2,-7.4,7.3,46.7,-19.4,,,53.6,18.4,57.5,-2.7,-0.9,23.6,,,,,,
2018/5/22,,,,32,,-3.2,-3.1,25.4,-6.2,-2,-7.5,-11.3,4.9,46.9,-21.3,,,54.2,19,56.9,-7.6,-3.1,23.3,,,,,,
2018/5/23,,,,31.4,,-5.4,-3.6,27.1,-5.7,-1.6,-6.6,-11.1,2.9,45.6,-22.5,,,54.9,17.2,54.8,-9.8,-3.1,24,,,,,,
2018/5/24,,,,34.2,,-3.4,-2,26.7,-5.7,-1.4,-6,-5.8,9.6,50.4,-20.8,,,60.1,21,61.5,-3.4,-2.4,24.9,,,,,,
2018/5/25,,,,36.8,,-0.5,-0.1,29.1,-3.3,-1.3,-9.9,-6,7.2,51.2,-26.2,,,59.4,21.1,63.4,-4.5,-2.7,26.8,,,,,,
2018/5/27,,,,37.3,,-1.9,-1,29.3,-4.3,-0.9,-4.9,5,12.2,56.3,-18.1,,,68.3,24.4,68.9,5.6,2.4,27.4,,,,,,
2018/5/28,,,,39.7,,-1.3,0,30.6,-3.5,-0.6,-6.7,-2.6,11.2,56.6,-23.2,,,67.2,25,70.5,1.6,0.1,28.7,,,,,,
2018/5/29,,,,38.9,,-2.5,-2.3,29.8,-5.1,-1.4,-9.8,1.1,7.1,57,-21.8,,,66.2,23.5,70.3,1.9,-0.5,28.1,,,,,,
2018/5/30,,,,41.7,,-1.4,-0.5,31.4,-4.2,-1.2,-7.8,-1.8,10.3,59.5,-26.1,,,69.1,27.1,74.3,2.5,0.3,29.8,,,,,,
2018/5/31,,,,42.6,,-0.3,1.8,31.6,-5.6,0.1,-8.2,-1,10,60.8,-27.6,,,71.1,28,76,2.9,0.4,30.3,,,,,,
2018/6/1,,,,45.7,,0,0.6,34,-3.2,-0.2,-6.2,0,13.3,63.1,-26.3,,,74.5,30.6,78.5,-0.4,0,32.8,,,,,,
2018/6/2,,,,47.7,,0.7,1.2,35.3,-2.7,0.3,-5.4,0.9,14.8,64.9,-26.4,,,77.2,32.4,80.6,-1.8,-0.1,34.3,,,,,,
2018/6/3,,,,44.9,,-4.5,-3.9,32.2,-7.1,-1.3,-8.1,-6.3,12.1,64,-28.3,,,76.4,30.2,79.6,-4.7,-3.2,31.6,,,,,,
2018/6/4,,,,49.3,,-1.1,-0.3,35.8,-3.9,-0.2,-11.5,-0.2,13,68.3,-28.8,,,79.3,35.5,86,3.4,0.7,34,,,,,,
2018/6/5,,,,50.1,,-2,-1,36.1,-4.5,-0.4,-14.5,-0.7,12.1,70,-30,,,80.4,37.1,88.7,6,1.1,33.9,,,,,,
2018/6/6,,,,52.5,,-1.6,-1.2,37,-4.9,-1.8,-9.6,-3.4,14.1,70.8,-31.7,,,83.7,37.6,90,-0.4,-0.9,36.3,,,,,,
2018/6/7,,,,54.1,,-1.2,-0.4,38.6,-4.4,-0.3,-5.1,-8,16.8,74.4,-28,,,89.6,42,92.8,-3.5,-0.6,37.8,,,,,,
2018/6/8,,,,54.4,,-1.8,-1.3,38.3,-5.5,-0.7,-7.8,-9.4,13.8,74.9,-31.4,,,88.6,40.6,93.8,-3,-0.4,38.1,,,,,,
2018/6/9,,,,56.5,,-2,-1.5,39,-5.6,-1.7,-10,-9.7,15,75.9,-35.4,,,89.7,41.1,95.1,-4.1,-2.4,37.8,,,,,,
2018/6/10,,,,55.8,,-3.9,-2.8,38.2,-7.3,-3.3,-10.3,0.7,16.7,77.2,-33.2,,,92.3,42.6,98.5,0.1,-1.1,38.4,,,,,,
2018/6/11,,,,56.5,,-4.9,-3.5,38.2,-8.2,-4.6,-11.5,5.8,18.2,78.4,-34.1,,,94.2,43.6,100.9,1.7,-1.4,38.6,,,,,,
2018/6/12,,,,60.5,,-2.4,-1.8,41.8,-5.8,-0.8,-9.5,-7.6,17.6,81,-35.8,,,97,46.6,103.5,-3.2,-1.4,41.7,,,,,,
2018/6/13,,,,62.5,,-1.7,-1.3,43.3,-5.1,0.2,-9.3,-11,18,82.6,-36.8,,,99,48.3,105.6,-4.5,-1.5,43.1,,,,,,
2018/6/14,,,,63.2,,-4.5,-3.5,43.3,-7.6,-2.3,-11.3,-4.2,17.5,84.3,-39.2,,,101.4,49.4,109,-1.1,-2,42.2,,,,,,
2018/6/15,,,,66.8,,-3.6,-2.6,46.3,-7.1,-1.8,-11.1,-2.8,19,87.9,-40.6,,,106,53.1,114,-0.2,-1.5,44,,,,,,
2018/6/16,,,,72.2,,-2.1,-1.3,51.1,-6.3,-1,-10.5,-0.6,21.5,93.8,-43,,,114,59.1,122.1,1.3,-0.7,48,,,,,,
2018/6/17,,,,76.5,,-3,-2.5,54.2,-7.7,-1.1,-11.8,-5.1,21.4,98.2,-46.6,,,119.7,63.2,128.6,-1.2,-2.9,50.9,,,,,,
2018/6/18,,,,82.1,,-2.5,-1.8,57.9,-8.1,-2,-12,-2.1,23.6,104.9,-48.5,,,128,70.5,137.4,0.7,-2.1,54.2,,,,,,
2018/6/19,,,,88.9,,-1.8,-1.2,62.3,-7.1,-0.4,-12,-0.3,26.1,113.4,-51.5,,,136.4,78.3,148,0,0,59.5,,,,,,
2018/6/20,,,,93.6,,-2.4,-1.7,64.4,-7.4,-0.5,-11.4,1.4,29.4,120,-53.4,,,147.8,83.3,157,0.9,0.2,62.2,,,,,,
2018/6/21,,,,98.8,,-3.5,-2.7,67.3,-7.2,-1.2,-14,-5.9,28.4,126.9,-59.8,,,153.8,89.6,165.1,-1.5,-1.3,65.5,,,,,,
2018/6/22,,,,104.4,,-2.5,-2.1,70.3,-7.9,-0.9,-13.6,-8.5,29.6,133.7,-62.8,,,162.8,96.2,173.4,-3.2,-0.8,69.2,,,,,,
2018/6/23,,,,110.3,,-2.9,-2.1,73.6,-8.1,-0.6,-15.4,0.8,33.7,139.3,-68.7,,,170.2,99.9,182.3,0,-1.4,73.2,,,,,,
2018/6/24,,,,113.3,,-4.6,-4.3,74.8,-9.9,-1.7,-22,-11.7,30.9,145.5,-75.3,,,177.7,105,188.7,-6.4,-3.2,75.2,,,,,,
2018/6/25,,,,119.5,,-3.9,-3.3,78.4,-9.2,-0.6,-19.4,-3.1,35.4,151.9,-82.6,,,185.9,111.2,197.9,-1.7,-2.3,79.2,,,,,,
2018/6/26,,,,121.3,,-7.5,-7.7,78.1,-13.8,-2.5,-24.7,-11.9,34.6,156.5,-86.3,,,191.7,112.4,202.9,-7.5,-5.6,79.9,,,,,,
2018/6/27,,,,128.3,,-4.4,-3.7,83.3,-9.8,-2.1,-20.4,-3.6,40,161.7,-89.1,,,199.6,119.3,213.1,-2.3,-2.4,84.6,,,,,,
2018/6/28,,,,133.2,,-4.6,-4.1,86.4,-10,-2,-26.3,-12.1,38.8,169.5,-92.5,,,209.1,125.1,220.4,-6.5,-2.4,87.9,,,,,,
2018/6/29,,,,136.2,,-5.9,-5.4,87.3,-11.7,-2.4,-22.9,-8.3,41.7,172.7,-98.6,,,213.1,127,226.5,-5.7,-3.7,90.1,,,,,,
2018/6/30,,,,143,,-4,-2.9,91.5,-9.7,-1.4,-23.9,-6.1,42.6,180.3,-100.1,,,223.7,134.8,234.5,-3.9,-3.3,94.5,,,,,,
2018/7/1,,,,148.5,,-3.1,-1.7,94.9,-8.6,-1.1,-25.4,-9.6,43.6,185,-104.3,,,230.2,139.2,240.6,-5.8,-3.1,98.2,,,,,,
2018/7/2,,,,150.6,,-5,-4.3,95.6,-11,-2.4,-26.2,-8.9,44.6,190.7,-108.4,,,237.1,143.5,248.9,-5.6,-2.9,99.6,,,,,,
2018/7/3,,,,156.5,,-2,-1.3,99.6,-8.2,-0.6,-24.7,-3.6,49.9,195,-111.7,,,242.7,147,255.9,-1.9,0.1,103.2,,,,,,
2018/7/4,,,,159.9,,-2.1,-3,101.2,-10.2,-0.2,-28.7,-9.1,49.2,200.4,-112.8,,,251.7,150.1,262,-3.6,-1.5,105.4,,,,,,
2018/7/5,,,,162.4,,-4.5,-3.2,103,-10.6,-1.5,-28.7,-7.5,50.4,205.7,-117.1,,,257.6,156.7,268.1,-4.3,-1.5,107.6,,,,,,
2018/7/6,,,,168,,-3,-2.5,106.6,-9.6,-1.1,-31.5,-9.8,51.7,210.7,-121.7,,,262.9,161.3,274.4,-5.4,-1.2,111.4,,,,,,
2018/7/7,,,,170.7,,-4.2,-3.4,107.8,-10.5,-1.4,-26,-10.9,56.9,213.7,-126.2,,,267.3,164,280.5,-6.7,-2.5,113.2,,,,,,
2018/7/8,,,,173.5,,-5.3,-4.4,109.2,-11.7,-1.8,-32.2,-8.5,55.7,219.5,-130.9,,,271.3,165.9,285.5,-4.2,-2.8,114.5,,,,,,
2018/7/9,,,,178.7,,-4.1,-3.7,112.8,-10.9,-1.5,-32.2,-8,57.2,224.8,-135.7,,,278.4,170.8,293.6,-4.3,-2,118.3,,,,,,
2018/7/10,,,,184,,-3.7,-3.1,115.4,-10.4,-0.3,-27.3,-6.7,63.2,229,-136,,,287.9,176.3,300.9,-3.3,-1.6,121.3,,,,,,
2018/7/11,,,,186,,-4.8,-4.2,116.6,-11.5,-1.5,-32.9,-8.5,61.1,234.1,-139.2,,,292.8,179.8,305.7,-4.9,-2.3,123.2,,,,,,
2018/7/12,,,,190.3,,-3.5,-3.2,119.4,-10.4,-1.2,-29.5,-1.3,64.4,236.8,-144.8,,,297.3,182.3,311.3,-1.2,-2,125.8,,,,,,
2018/7/13,,,,193.2,,-5.3,-4.7,120.7,-12.3,-2.2,-34.1,-8.7,62.7,240.8,-147.8,,,303.6,185.1,317.4,-5,-3.1,127.3,,,,,,
2018/7/14,,,,196.4,,-6.1,-5.4,122.6,-12.7,-2.9,-38.9,-14.4,61.9,245,-154.8,,,307.6,188.2,321.8,-9.1,-4.9,130,,,,,,
2018/7/15,,,,202.6,,-3.9,-3.1,126.7,-10.6,-1.2,-31.4,0.7,69.3,251.3,-154.2,,,317.9,195.2,331.4,0.3,-1.6,134,,,,,,
2018/7/16,,,,205.5,,-4.4,-3.2,128.5,-10.7,-1.3,-35.3,-8.9,67,255.6,-159,,,322.1,198.1,335.4,-4.5,-2.5,135.9,,,,,,
2018/7/17,,,,208.6,,-4.8,-4.4,129.5,-12.1,-1,-33.4,-6.9,71.2,258.3,-161.5,,,327.2,200.6,339.4,-5.3,-3.8,137.4,,,,,,
2018/7/18,,,,210.7,,-5.8,-5.2,130.8,-12.9,-2.7,-39,-8.1,69.7,263.4,-166.2,,,331.2,203.4,345,-4.8,-3.4,139.3,,,,,,
2018/7/19,,,,215.9,,-3.7,-4.2,133.9,-11.3,-0.8,-37.9,-8,72.6,268.3,-169.5,,,337.4,207.9,351.8,-2.9,-2.5,142.7,,,,,,
2018/7/20,,,,219.5,,-4.6,-3.4,135.7,-11.7,-0.6,-36.9,-4.1,74,272.6,-172.6,,,344.9,213,356.8,-2.7,-3,145.1,,,,,,
2018/7/21,,,,224.1,,-3.6,-2.7,139.3,-11.2,-0.1,-33.4,-1.4,78.8,278.6,-174.3,,,354.9,217.3,365.4,1.3,0.3,148.9,,,,,,
2018/7/22,,,,224.6,,-1.6,-3.7,138.7,-12,-1.2,-34.4,-7.7,79.3,279.8,-176.3,,,357.3,218.2,367.2,-5.9,-2.4,148.3,,,,,,
2018/7/23,,,,227.4,,-5.4,-4.9,139.9,-12.7,-1.6,-41,-8.4,76.1,282.6,-182.8,,,360.3,220,370.1,-4.7,-3.3,150,,,,,,
2018/7/24,,,,229.2,,-6.7,-5.1,141.6,-13.3,-2.1,-43.9,-12.6,76.7,286.2,-188.8,,,363.8,220.8,375.1,-6.6,-3.3,151.2,,,,,,
2018/7/25,,,,231.4,,-7.9,-6.9,141.7,-14.6,-4.1,-37.9,-2.5,80.9,289.1,-190.4,,,370.4,223.8,379.3,-1.2,-3.3,152.3,,,,,,
2018/7/26,,,,234.9,,-7.2,-6.6,144.1,-14.1,-1.9,-47,-16.7,76.2,292,-195.6,,,372.1,227.6,384.3,-11,-6.4,155.2,,,,,,
2018/7/27,,,,239.1,,-6.2,-4.1,146.9,-11.9,-2.3,-45.4,-11.4,79.5,296.6,-198.7,,,377.4,231.6,389.5,-6.9,-3.3,158.6,,,,,,
2018/7/28,,,,241.3,,-7.7,-4.9,147.8,-13.2,-2,-40.3,-11.3,83.1,299,-200.1,,,382.6,234.2,392.8,-8.1,-3.8,159.6,,,,,,
2018/7/29,,,,242.9,,-7.3,-6.4,148.4,-14.2,-3.4,-48.2,-16.1,79.9,301.8,-205.8,,,385.3,236.8,396.1,-11.8,-5.2,160.1,,,,,,
2018/7/30,,,,245.9,,-4.2,-5.2,150.3,-13.7,-3,-48.4,-13.5,79.5,305,-208.4,,,389.4,238.2,398.7,-10.2,-6.9,164.4,,,,,,
2018/7/31,,,,247.3,,-7,-6,151.6,-13.6,-3.9,-50.5,-14.7,80.4,308.2,-214.2,,,390.7,241.4,403.4,-10.1,-5.4,166.5,,,,,,
2018/8/1,,,,250.4,,-6.3,-5.4,153.1,-12.8,-0.9,-46.6,-8.9,84.5,312.7,-211.2,,,395.1,244.3,408.9,-7,-3.2,165.7,,,,,,
2018/8/2,,,,252.7,,-7.2,-5.7,154.3,-13.4,-2.2,-51.4,-15.9,81.5,314.1,-215,,,402.4,247.6,411.1,-12.8,-5.2,166.9,,,,,,
2018/8/3,,,,256,,-4.8,-3.5,156.9,-11.4,-1,-50,-13.8,84.9,317.6,-216,,,407.1,250.3,415.6,-9.5,-3.4,169.4,,,,,,
2018/8/4,,,,257.2,,-8.8,-6.4,156,-15,-1,-54.1,-18.4,81,317.4,-224.6,,,407,250.4,416.5,-17.3,-7.8,168.9,,,,,,
2018/8/5,,,,262.2,,-5.3,-3.4,159.9,-11.3,-1,-56,-15.9,83.3,321.6,-225.9,,,412.4,254.3,421.8,-15.5,-6,173.5,,,,,,
2018/8/6,,,,264.1,,-5.1,-4,161.3,-12.2,-9.4,-51.1,-14.1,85.3,327,-223.8,,,421.8,260.1,427.4,-12.7,-2.9,173.7,,,,,,
2018/8/7,,,,265.1,,-6.1,-4.9,161.2,-12.9,-5.8,-51.1,-13.8,88.2,329.2,-225.4,,,423.8,261.2,430.7,-10.6,-3.7,175.3,,,,,,
2018/8/8,,,,268.3,,-6.8,-4.3,163.7,-13.2,-7.8,-54.1,-15.1,88,330.9,-236.1,,,423.2,261.6,434.1,-11.9,-4.1,177.3,,,,,,
2018/8/9,,,,270.5,,-6.9,-5.8,163.9,-14.2,-7,-53.9,-14.2,88.6,334.1,-232.3,,,430.2,264.8,438,-11.3,-4.7,178.3,,,,,,
2018/8/10,,,,272.8,,-6.7,-5.1,166,-13.1,-7.6,-51.6,-11.2,91.9,336.5,-237.9,,,433.6,267.5,441.6,-9.7,-4.2,180.6,,,,,,
2018/8/11,,,,274.8,,-6.2,-4.5,167.3,-13.4,-6.5,-50.9,-9.1,94.1,339.9,-239.7,,,433.4,269.6,446.6,-8.3,-2.6,182.3,,,,,,
2018/8/12,,,,275.4,,-8.3,-6.9,166.8,-15.2,-7.8,-55.4,-14,92.1,341.9,-240.3,,,440.3,270.8,446.8,-11.7,-4.1,182.2,,,,,,
2018/8/13,,,,278.5,,-7.4,-6.3,168.7,-14.5,-7.2,-56.1,-14.1,93,344.6,-243.2,,,444.8,274.2,448.8,-12,-4.2,184,,,,,,
2018/8/14,,,,278.7,,-8.2,-7.1,168.9,-15.3,-8.4,-55.9,-13.3,93.5,345.3,-251,,,444,272.8,457.5,-11.8,-5.7,184.5,,,,,,
2018/8/15,,,,281.4,,-8.6,-6.4,170.3,-15,-9.6,-56.8,-11.9,91.5,346.4,-253.1,,,447.1,275.3,454.7,-12.4,-6,185.5,,,,,,
2018/8/16,,,,284.3,,-7.8,-6.6,172.3,-15.2,-7.1,-52.5,-14.1,97.5,350.3,-253.7,,,454,278.1,460.1,-13.6,-5.3,187.9,,,,,,
2018/8/17,,,,285.9,,-7.2,-5.8,174,-14.3,-7.5,-57.7,-14.1,96.5,355.1,-253.5,,,458.2,283.2,467.1,-11.2,-3.9,189.5,,,,,,
2018/8/18,,,,287.4,,-7.4,-6.4,173.9,-15.3,-7.6,-60.2,-16.8,95,355.6,-258.9,,,458.9,283.4,465.1,-15,-6.1,190.3,,,,,,
2018/8/19,,,,289.9,,-7.7,-6.4,175.7,-14.7,-7.1,-57.2,-13.5,98.6,359.8,-261.8,,,463.6,286.5,470,-10.8,-4.3,192,,,,,,
2018/8/20,,,,290.5,,-8.9,-8.1,175.6,-16.6,-8,-54.6,-19.6,100,358.9,-262.8,,,467.1,285.8,471.4,-17.2,-8.2,192,,,,,,
2018/8/21,,,,292.9,,-8.9,-7.4,177.2,-15.9,-6.8,-57.2,-11.3,100.5,364.4,-263.1,,,468.3,289.1,475.5,-11.4,-4.3,194,,,,,,
2018/8/22,,,,298.4,,-5,-3.2,181.3,-12,-6.3,-60.1,-13.9,99.6,367.4,-263.7,,,475.4,294.3,479.5,-12.9,-3,197.7,,,,,,
2018/8/23,,,,298,,-7,-5.7,181,-14.1,-6.6,-53.5,-13.1,105.3,368.6,-265,,,482.2,295,482.2,-11.8,-4,197.8,,,,,,
2018/8/24,,,,301.3,,-6.8,-4.8,182.3,-13.6,-6.6,-63.2,-17.3,99.1,370.9,-268.9,,,484.9,297.2,484.5,-15,-4.8,199,,,,,,
2018/8/25,,,,300.7,,-9.3,-8.1,182,-16,-7.8,-62.5,-16.8,100.5,373.5,-272.9,,,486.3,298.4,487.4,-14.5,-5.6,199.2,,,,,,
2018/8/26,,,,303.8,,-8.2,-6.9,183.5,-15.1,-6.9,-62.6,-16.4,101.4,375.7,-274.4,,,489.4,301,490.6,-14.7,-5.2,201.2,,,,,,
2018/8/27,,,,304.4,,-9.7,-8.4,183.2,-16.4,-8.4,-61.7,-15.1,101,375.4,-282.1,,,489.9,298.9,490.5,-15.1,-8.5,201.3,,,,,,
2018/8/28,,,,308.4,,-6.9,-5.3,186.7,-14.1,-5.4,-59.7,-10.8,106.6,381.8,-278.6,,,496.9,306.1,497.7,-10,-2.9,204.8,,,,,,
2018/8/29,,,,307.9,,-8.5,-7,185.5,-16.3,-8.5,-67.9,-19.8,100.5,380.1,-285.3,,,497.6,304,495.3,-19.3,-8.6,204.1,,,,,,
2018/8/30,,,,309.7,,-8.4,-6.7,186.7,-15.7,-6.9,-62.8,-13.6,106.4,385,-281.2,,,498.1,308.9,501.9,-13.3,-3.8,205.4,,,,,,
2018/8/31,,,,310.3,,-9.6,-7.9,186.4,-17.3,-9.8,-67.1,-19,103.3,385.5,-286.3,,,504.7,308.7,502.5,-15.9,-7,204.8,,,,,,
2018/9/1,,,,311,,-10.5,-8.7,186.3,-18.3,-11.2,-69.5,-21.7,102.2,386.8,-288.8,,,507.3,309.6,504.1,-17.8,-8.3,204.8,,,,,,
2018/9/2,,,,316.1,,-6.9,-5.9,190.7,-14.4,-5.9,-63.2,-12.8,109,392.2,-286.3,,,514.7,315,510,-12,-3.5,210,,,,,,
2018/9/3,,,,316.9,,-8.2,-6.6,190.8,-15.2,-7.6,-65.2,-15.7,108.2,393.2,-291.1,,,516.7,315.9,511.7,-14,-4.5,209.8,,,,,,
2018/9/4,,,,319.3,,-7.6,-5.3,192.2,-13.5,-6.1,-56.7,-4.9,115.6,396.7,-291.2,,,520.7,318,516.4,-5.9,-1.2,211.9,,,,,,
2018/9/5,,,,320.1,,-8.1,-7.3,191.6,-15.9,-7.1,-65.7,-13.4,109.2,396.9,-294.3,,,520.3,318.4,516.4,-13.5,-4.4,211.5,,,,,,
2018/9/6,,,,323.3,,-7,-5.4,194.3,-13.8,-5.8,-55.8,1.7,117.2,399.9,-295,,,527.5,321.6,521.2,-3.9,-0.8,214.1,,,,,,
2018/9/7,,,,323.8,,-7.8,-6.3,194.1,-14.1,-6.7,-55.9,1.5,119.4,402.8,-295.5,,,529,324,524,-2.7,0.3,214.3,,,,,,
2018/9/8,,,,325.4,,-7.9,-6.1,194.8,-14,-6.5,-58.8,-4.7,118.4,404.2,-300.9,,,527.1,324.5,525.3,-5.9,-2,215.5,,,,,,
2018/9/9,,,,327.4,,-6.9,-6,196.6,-13.2,-5.3,-61.9,-4.6,115.9,406.4,-296.5,,,532,325.2,528.4,-11,-0.7,217.5,,,,,,
2018/9/10,,,,328.9,,-7.2,-5.6,197.3,-13.6,-6.4,-59.2,-7,119.9,408.8,-302.9,,,537.5,327.8,530.7,-6.6,-0.5,218.1,,,,,,
2018/9/11,,,,329.7,,-7,-6.9,197.7,-14.1,-7,-60.2,-13.1,120.3,410.2,-305.6,,,539.8,329.5,533,-10.4,-2.8,218.7,,,,,,
2018/9/12,,,,330.9,,-7.3,-6.7,198.5,-14.5,-7.2,-54.6,-4.4,125.8,414.7,-301.4,,,545.4,331.3,536.7,-2.5,1.1,219.5,,,,,,
2018/9/13,,,,331.7,,-9.3,-7.7,198.7,-15.2,-7.6,-65.7,-7.6,118.9,414.6,-311.2,,,542.5,330.4,536.3,-8.4,-3.2,220.2,,,,,,
2018/9/14,,,,333.9,,-7.2,-6.1,200.6,-14.1,-7.1,-59.8,-11,123.3,418.8,-309.7,,,549.3,332.6,540.9,-7.3,-1.5,221.9,,,,,,
2018/9/15,,,,335.8,,-7.4,-6.2,201.2,-14.2,-7.4,-61,-12.6,123.5,421.1,-312.6,,,551.9,333.9,543.3,-8.3,-3,222.8,,,,,,
2018/9/16,,,,337.7,,-7.6,-6.1,202,-14.7,-7.1,-61,-12.4,124.8,423.1,-314.2,,,553.6,335.9,546,-7.6,-2.1,224,,,,,,
2018/9/17,,,,339.6,,-7.8,-6.1,202.7,-15,-7.1,-61.6,-13.1,125.6,425.3,-316.4,,,555.8,337.6,548.6,-7.7,-2.4,225.1,,,,,,
2018/9/18,,,,337.9,,-9,-8.3,202.1,-16.3,-9,-67.3,-13.5,121.3,424,-321.8,,,556.3,335.3,547.3,-10.7,-4.9,223.5,,,,,,
2018/9/19,,,,341.6,,-6.9,-6.5,204.6,-14.8,-7.3,-63.4,-8.9,126.2,428.8,-317.2,,,563.4,338.8,552.4,-5.7,-1.1,226.9,,,,,,
2018/9/20,,,,341.9,,-8.3,-7.5,204.6,-15.6,-7.7,-64,-8.3,124.2,430,-321.2,,,563.2,341,554.5,-7.9,-1.8,227.1,,,,,,
2018/9/21,,,,344.4,,-6.8,-5.7,206.6,-13.8,-6.9,-60.2,-9.6,129.6,432.6,-319.5,,,570.3,343.8,557.6,-7,0.3,228.9,,,,,,
2018/9/22,,,,347,,-6.5,-4.9,207.8,-13.4,-7.1,-66,-16.8,126.3,433.2,-326.5,,,568.8,344.2,558.6,-11.7,-5.4,230.2,,,,,,
2018/9/23,,,,349.6,,-5.6,-3.6,209.4,-12.3,-6.8,-67,-21,127.4,434.8,-329.1,,,571.6,345.8,560.7,-13.6,-7.2,231.8,,,,,,
2018/9/24,,,,349.5,,-7,-5.4,209.1,-13.6,-6.9,-64.2,-3.2,129.2,437.8,-325.2,,,575,348.5,564.3,-3.2,-1.4,232.2,,,,,,
2018/9/25,,,,350.6,,-7.3,-6.7,209.2,-15.4,-8.9,-68.3,-15.8,127.4,437.8,-329.5,,,575.6,348.1,564.2,-10.8,-4.6,231.3,,,,,,
2018/9/26,,,,351.7,,-6.9,-5.9,210.4,-14.6,-7.3,-66.1,-1.9,130.1,440.9,-329.4,,,579.9,351.1,568.3,-4.5,-1.9,233.7,,,,,,
2018/9/27,,,,351.7,,-8,-6.9,210.4,-15.2,-7.3,-65.1,-12.5,131,441.7,-331.4,,,582.6,351.5,569.7,-10.4,-2.3,234,,,,,,
2018/9/28,,,,355,,-6.9,-5,211.8,-14.1,-7.9,-69,-13.8,129.1,443.3,-336.6,,,582.8,352.6,571.2,-10.4,-4,235.6,,,,,,
2018/9/29,,,,355.8,,-6.6,-5.4,212.8,-13.8,-6.7,-65.1,-11.8,133.1,446.4,-333.1,,,589.4,355.5,575.4,-8.7,-0.8,236.5,,,,,,
2018/9/30,,,,357.2,,-6.9,-6,213.7,-13.5,-7.4,-68.3,-15,131.4,446.3,-336.9,,,589.8,356.2,576.3,-10.2,-2.3,237.1,,,,,,
2018/10/1,,,,358.1,,-7.8,-6.2,213.6,-14.8,-6.7,-67.3,-13.1,133.2,448,-337.1,,,593.1,358.4,577.6,-10.1,-3.5,237.5,,,,,,
2018/10/2,,,,360.3,,-7,-5,215.4,-13.5,-7.5,-70.7,-8.3,131.7,449.6,-342.3,,,594.6,360.1,580.9,-5.1,-1.9,239.3,,,,,,
2018/10/3,,,,361.6,,-6.7,-5.1,216.4,-13.1,-7.3,-74.1,-12.1,129.6,451.4,-345.9,,,595.1,361,582.8,-9.1,-1.9,240.6,,,,,,
2018/10/4,,,,364.3,,-4.8,-2.7,218.6,-11.3,-7,-70.7,-12.2,133.8,453.9,-343.5,,,600.8,364.3,585.9,-7.7,-1.1,242.8,,,,,,
2018/10/5,,,,362.5,,-7.8,-6.8,216.9,-14.9,-7.5,-70,-15.2,134.2,454.3,-344.5,,,603.4,363.6,586.8,-11.9,-3.8,241.4,,,,,,
2018/10/6,,,,365.6,,-6.5,-4.9,218.1,-13.6,-6.6,-68.7,-13.7,136.1,457,-345.8,,,605.2,366.2,589.5,-10.2,-2.2,243.5,,,,,,
2018/10/7,,,,366.9,,-5.6,-4.4,219.3,-13,-7,-70.2,-9.6,136.3,458.3,-347.5,,,608.4,366.8,591.6,-7.2,-2.1,243.8,,,,,,
2018/10/8,,,,366.3,,-8.3,-6.9,217.9,-15.5,-7.4,-70.9,-15.9,136.3,458.1,-348.6,,,608.3,366.7,591.8,-11.8,-3.6,243.5,,,,,,
2018/10/9,,,,367.2,,-8.6,-7.1,218.9,-15,-7.7,-75.7,-13.5,130.6,458.9,-350,,,607,368,591.7,-10.6,-4.3,243.5,,,,,,
2018/10/10,,,,369.8,,-6.3,-4.5,220.9,-13.3,-6.5,-73.8,-10.8,134.3,462.1,-350.2,,,613.7,370.8,595.7,-8,-1.7,246,,,,,,
2018/10/11,,,,370.9,,-6.5,-4.3,221.7,-13.1,-6.4,-73.4,-14.6,136,462.7,-359.5,,,611.8,370.8,597.3,-10.8,-3.3,246.4,,,,,,
2018/10/12,,,,374,,-4.8,-3.3,223.7,-11.6,-5.4,-72.7,-0.9,137.6,466.7,-348,,,620.1,375.1,602.2,-4.2,0.6,248.9,,,,,,
2018/10/13,,,,372.7,,-7.5,-5.4,223.3,-13.5,-8.2,-72.5,-5.1,138.4,467.4,-352.1,,,620.8,375,602.8,-6.8,-2.2,248.2,,,,,,
2018/10/14,,,,375.2,,-6.6,-3.8,224.1,-12.8,-5.4,-73.9,-1.8,139.3,469.4,-352.6,,,621.1,376.7,605.3,-3.4,-1.8,250.1,,,,,,
2018/10/15,,,,376.4,,-5.1,-3.4,225.4,-12.5,-5.6,-70,-2.1,142.2,470.9,-354.2,,,627.2,378.8,606.7,-2.9,0,251.1,,,,,,
2018/10/16,,,,377.3,,-6.5,-5.1,225.2,-13.6,-5.7,-71.6,-1.3,142.2,472.2,-354.1,,,627.9,380.1,608.7,-3.8,-1.6,251,,,,,,
2018/10/17,,,,378.7,,-6.1,-5.4,226.1,-13.4,-5.4,-71.3,0,143.9,473.4,-354.2,,,630.3,381.8,611.2,-2.2,-2.1,252.5,,,,,,
2018/10/18,,,,379.2,,-6.9,-5.3,225.7,-14,-5.4,-73.2,-2.7,141.4,474.2,-357.2,,,631.5,381.2,611.3,-5.4,-2.1,252.2,,,,,,
2018/10/19,,,,379.7,,-5.9,-3.9,226.6,-12.7,-5.1,-76.1,-11.1,139.7,475.2,-364.4,,,629.9,382.6,612.4,-7.9,-1.1,253,,,,,,
2018/10/20,,,,380.9,,-6.7,-4.6,227.2,-13.3,-7.5,-71.9,-3.2,144.4,476.5,-356.2,,,637.3,385.3,615.3,-3,-0.9,253.1,,,,,,
2018/10/21,,,,382.8,,-5.5,-3.8,228.7,-12.4,-5.2,-71.8,-0.6,143.1,479.7,-356.1,,,639.5,386.2,617.1,-3.1,-0.1,254.8,,,,,,
2018/10/22,,,,381.4,,-8.4,-7.3,227.4,-15.8,-6.3,-74.5,0.1,142.3,479.1,-358.6,,,637.1,384.5,616.2,-4.4,-1.7,253.9,,,,,,
2018/10/23,,,,382,,-9.1,-8.3,227.7,-16.7,-6.6,-74,3.6,143.1,480.3,-356.8,,,639.4,385.1,617.4,-3.3,-1.8,254.2,,,,,,
2018/10/24,,,,385.8,,-7,-5.4,230.4,-14.1,-7,-72,0.9,145.7,482.6,-357.1,,,645.8,390.2,622.4,-1.8,-1,257.4,,,,,,
2018/10/25,,,,384.9,,-7.9,-7.9,229.9,-15.8,-7.1,-73.7,-12.5,147.1,482.8,-360.7,,,646.4,390.4,623.5,-9,-3.6,,,,,,,
2018/10/26,,,,389.9,,-6.2,-4,233.5,-12.8,-5.5,-74.6,-9.9,147.4,486.1,-362,,,648.5,393.7,627.1,-7,-0.5,,,,,,,
2018/10/27,,,,390.3,,-6.4,-5.1,233.7,-13.8,-6.4,-75,-11.5,148,487.4,-362.9,,,651.1,395,628.4,-8.7,-1.5,,,,,,,
2018/10/28,,,,390.2,,-8.5,-6.9,233,-15.8,-7.1,-75.4,-15,148.1,489,-365.5,,,652,395.1,629.9,-11.2,-4.3,,,,,,,
2018/10/29,,,,394,,-6.1,-4.4,235.6,-13.3,-5.6,-74.6,-13.2,149.9,492.2,-365.7,,,656.4,399,634.3,-9.1,-2.2,,,,,,,
2018/10/30,,,,396.1,,-5.9,-4.3,236.5,-12.8,-6.4,-77.7,-9,150.3,492.7,-366.8,,,658.9,399.5,635.8,-5.7,-3,,,,,,,
2018/10/31,,,,396.4,,-7.1,-4.8,237,-13.8,-5.7,-74.2,-11,152.2,494.9,-366.3,,,661.2,400.9,638.2,-8.7,-2.4,,,,,,,
2018/11/1,,,,396.9,,-8.2,-6.8,236.2,-14.9,-9.2,-80.4,-15,146.7,493.6,-372.3,,,659.6,400.7,638.5,-10.2,-5,,,,,,,
2018/11/2,,,,399.7,,-6.5,-4.4,239.1,-13.3,-5.9,-74.6,-10.8,153.8,499,-367.5,,,663.5,405.5,643.8,-9.2,-1.5,,,,,,,
2018/11/3,,,,400.3,,-7.7,-5.7,238.7,-14.5,-7,-76.8,-12.7,153,499.6,-370.5,,,668.1,405.3,645.4,-10.9,-3.4,,,,,,,
2018/11/4,,,,401.3,,-8.3,-6.5,239.4,-14.9,-6.3,-75.4,-11.7,155,501.8,-370.2,,,671.5,407.8,647.3,-10.2,-2.9,,,,,,,
2018/11/5,,,,403.3,,-7.1,-4.8,240.9,-13.9,-6.5,-78.4,-3.7,153.4,502.6,-374.4,,,671.9,408.8,649.1,-6.1,-2.7,,,,,,,
2018/11/6,,,,404.4,,-7.2,-5.5,241.2,-14.5,-5.8,-81.5,-12.6,150.8,503.9,-376.8,,,669.6,410.6,650.5,-10.1,-2.2,,,,,,,
2018/11/7,,,,405.3,,-8.1,-5.6,241.3,-15.2,-5.9,-79.4,-9.6,154.7,505.4,-376.1,,,675.4,412.1,651.8,-8.5,-2.9,,,,,,,
2018/11/8,,,,405.9,,-8.6,-6.6,241,-15.4,-7.5,-82.3,-13.2,152.7,505,-379.8,,,674.2,411.7,651.8,-10,-4.8,,,,,,,
2018/11/9,,,,408.2,,-7.3,-5.3,243.9,-14.1,-5.4,-78.6,-8.2,156.1,508.9,-378.3,,,679.1,415.4,656.3,-7.6,-1.6,,,,,,,
2018/11/10,,,,408.3,,-8.8,-6.9,242.6,-15.4,-8.6,-82.7,-15.6,153.3,507.3,-382.9,,,680.5,413.5,656.5,-13,-6.4,,,,,,,
2018/11/11,,,,408.9,,-9.8,-7.5,243.4,-16.5,-8.3,-84.2,-16.8,153,509.2,-385.6,,,679.2,413.8,657,-14.2,-7.4,,,,,,,
2018/11/12,,,,410.3,,-8.8,-6.9,244.5,-15.9,-6.7,-82.6,-12.7,155.6,512.4,-381.5,,,684.3,418.8,661.3,-10.8,-4.4,,,,,,,
2018/11/13,,,,411.4,,-8.3,-6.1,245.4,-16,-6.5,-82.9,-12.5,156.4,514.3,-381.9,,,686.9,420.6,663.7,-11,-4.3,,,,,,,
2018/11/14,,,,410.5,,-11.1,-10,243.6,-18.6,-7.7,-87,-17.2,153.5,512.6,-386.1,,,685.3,418,662,-16.2,-7.1,,,,,,,
2018/11/15,,,,412.8,,-9.7,-7.5,245.5,-16.8,-6.9,-85.6,-10.6,153.8,515.9,-389,,,685.2,421.7,665.5,-11.2,-5.8,,,,,,,
2018/11/16,,,,415.2,,-9.1,-6.6,246.8,-15.9,-6.6,-84.3,-14.1,157.1,516.6,-387,,,690.1,422.1,666.2,-12.2,-5.5,,,,,,,
2018/11/17,,,,415.5,,-9.5,-7.5,247,-16.3,-6.4,-84.7,-10.2,155.9,519,-388.7,,,690,424,669.1,-11.5,-5.2,,,,,,,
2018/11/18,,,,417.6,,-8,-5.5,249.2,-14.8,-6.1,-84.3,-11.3,157.6,521.5,-384.1,,,694.2,427.1,673.2,-10.3,-2.4,,,,,,,
2018/11/19,,,,418.6,,-8.5,-5.7,249.5,-15.2,-6.3,-86.4,-9.5,157.4,521.9,-390.2,,,694.2,427.2,672.5,-9.6,-4.5,,,,,,,
2018/11/20,,,,418.5,,-10.4,-7.9,248.8,-17.1,-6.5,-82.9,-12.2,162,522.6,-386.8,,,699.7,426.6,675.1,-12.3,-5.4,,,,,,,
2018/11/21,,,,420.7,,-8.3,-6.2,250.4,-15.1,-6.1,-81.2,-11,163.7,526.1,-386.5,,,699.6,431,677.8,-10.5,-3.1,,,,,,,
2018/11/22,,,,421.5,,-7.6,-5.3,252.4,-14,-8.3,-88.1,-10.4,156.6,525.4,-394.4,,,697.7,432.1,678.3,-8.7,-3.2,,,,,,,
2018/11/23,,,,422.9,,-8.5,-6.5,251.8,-14.8,-6.1,-86.5,-10.5,160,527.9,-390.4,,,701.7,433,679.9,-9.7,-2.9,,,,,,,
2018/11/24,,,,423.9,,-8.2,-6.4,251.8,-15.6,-7.1,-82.6,-12,165.1,528.6,-388.2,,,708.5,432,680.8,-13,-5.6,,,,,,,
2018/11/25,,,,423.5,,-10.3,-8.2,251.5,-16.8,-6.4,-88.1,-11,159.8,530,-394,,,702.4,434.2,682.3,-11.3,-3.8,,,,,,,
2018/11/26,,,,424.3,,-10.1,-7.3,251.3,-17.4,-8.1,-83.2,-9.8,163.4,529.1,-391.1,,,709,434,682,-12.5,-7.1,,,,,,,
2018/11/27,,,,425.5,,-10.2,-7.9,253.1,-16.5,-6.9,-88.6,-11.4,161.5,532.3,-397.2,,,706.1,436,685.4,-12,-4.3,,,,,,,
2018/11/28,,,,428.1,,-7.8,-5.7,254.3,-14.9,-6.1,-85.4,-11.4,164,533.6,-389.9,,,711.1,438,687,-9.4,-3.8,,,,,,,
2018/11/29,,,,427.2,,-10.4,-7.7,253.9,-16.6,-6.5,-86.9,-10.4,162.1,534.5,-395.2,,,709.4,438.9,687.6,-9.4,-3.8,,,,,,,
2018/11/30,,,,427.6,,-11.1,-8.5,253.1,-17.8,-8.5,-88.5,-15.8,162.1,533.4,-397.1,,,711.8,436.3,687,-15.3,-8.9,,,,,,,
2018/12/1,,,,428.7,,-10.1,-8,254.5,-16.9,-7.2,-89.1,-10.9,163.2,536.9,-396.3,,,712.5,440.6,690.9,-9.1,-4.5,,,,,,,
2018/12/2,,,,431.5,,-8.6,-6.4,256.5,-15.2,-6,-86.7,-12.9,166.4,537.4,-392.2,,,714.9,441.1,691.5,-11.2,-5.2,,,,,,,
2018/12/3,,,,432,,-8.2,-6,256.6,-15.6,-6.2,-88,-12.1,164.4,539.6,-394.7,,,714.7,443.2,694.4,-11,-3.7,,,,,,,
2018/12/4,,,,431.9,,-9,-7.6,256.4,-16.4,-7.4,-87,-15,166.8,539.2,-395.7,,,720,442.9,694.5,-12.6,-5.5,,,,,,,
2018/12/5,,,,430.8,,-11.2,-8.7,254.9,-18.3,-9.7,-87,-15.3,164.8,537.9,-398.3,,,718.7,442.2,692.4,-14.6,-8.5,,,,,,,
2018/12/6,,,,432.8,,-11.5,-9,256.5,-18,-7.2,-86.6,-14.7,167.2,541.8,-395.9,,,716.8,443.8,696.5,-14.2,-6.5,,,,,,,
2018/12/7,,,,434.7,,-9.7,-7.8,258.1,-16.5,-6.9,-85.9,-12.7,169,543.8,-395.1,,,722.1,446.4,699.3,-11,-4.8,,,,,,,
2018/12/8,,,,436.7,,-8.7,-6.3,260.1,-15.2,-6.3,-86,-12.3,169.1,544.9,-397,,,725.1,449.2,700.3,-10.2,-4.6,,,,,,,
2018/12/9,,,,437.8,,-8.4,-5.9,260.7,-15.2,-5.8,-87.9,-9.4,170.6,547.5,-395.4,,,724.6,451,702.4,-9.3,-2.8,,,,,,,
2018/12/10,,,,438.8,,-8.5,-6.4,261,-15.1,-6,-84.4,-9.1,171.6,549.2,-395.3,,,729.9,450.6,704.7,-9.5,-3.7,,,,,,,
2018/12/11,,,,439,,-8.6,-6.1,261.2,-15.5,-7.7,-87.9,-15.3,168.8,547.7,-400.1,,,728.1,449.8,703.5,-14.5,-6.6,,,,,,,
2018/12/12,,,,440.3,,-8.2,-6.2,262.3,-14.9,-6.2,-84.9,-9.6,172.2,551.5,-397.3,,,731.5,453.9,706.7,-8.4,-2.7,,,,,,,
2018/12/13,,,,439.2,,-9.4,-6.8,261,-16.9,-9.2,-87.1,-15.9,170.3,548.9,-400.5,,,733.2,453.6,707.1,-12.6,-5.2,,,,,,,
2018/12/14,,,,442.1,,-8.9,-6,263.7,-15,-5.7,-86.1,-13.2,173.4,552.6,-396.4,,,734.3,455.7,709.8,-10.7,-4.6,,,,,,,
2018/12/15,,,,442.6,,-7.8,-6,264.2,-15.1,-6.5,-84.5,-11.7,170.5,554.4,-397.2,,,733,457,712.1,-9.5,-3,,,,,,,
2018/12/16,,,,443,,-9,-6.5,263.4,-15.9,-7,-86.4,-13.7,173.3,555.3,-399.5,,,736.8,457.4,711.7,-13,-4.1,,,,,,,
2018/12/17,,,,444.8,,-7.6,-5.6,265.2,-14.6,-6,-86.5,-9.5,174.2,557.2,-399.4,,,737.5,460.7,714.1,-8.5,-3,,,,,,,
2018/12/18,,,,445.3,,-8,-6.3,265,-15.3,-6.2,-91.1,-9.2,171,557.1,-403.1,,,735.2,460.7,713.6,-10.8,-3.9,,,,,,,
2018/12/19,,,,445,,-9.5,-7.5,265.4,-15.9,-7.3,-91.6,-3.7,171.3,559.1,-407.4,,,735.9,460.2,715.6,-13.5,-3.9,,,,,,,
2018/12/20,,,,446.1,,-8.9,-7,265.5,-15.8,-5.8,-84,0.1,177.2,561.1,-397.9,,,743.4,464,717.3,-3.9,-1.7,,,,,,,
2018/12/21,,,,447.4,,-8.7,-6.3,266.7,-15,-6.3,-86.9,-1.7,175.3,561,-401.8,,,741.8,463.8,718.1,-6.7,-3.2,,,,,,,
2018/12/22,,,,448.6,,-7.9,-5.8,267.6,-14.8,-5.7,-92,-2.5,172.1,562.2,-401.2,,,739.7,464.7,719.2,-4.9,-3.4,,,,,,,
2018/12/23,,,,450,,-6.9,-4.5,269,-13.8,-5.4,-86.3,-0.7,177.1,563.4,-400.3,,,745.4,466.9,721.3,-4.2,-2,,,,,,,
2018/12/24,,,,450.8,,-6.9,-4.5,268.9,-13.9,-5.2,-84.3,0.9,179.6,564.7,-398.5,,,748.4,469.4,723.2,-3.7,-0.6,,,,,,,
2018/12/25,,,,449.9,,-9.4,-6.4,267.6,-15.8,-5.7,-88.5,-3.7,175.6,564.5,-402.8,,,743,466.8,722,-7.2,-3.8,,,,,,,
2018/12/26,,,,450.8,,-8.6,-5.9,268.4,-14.8,-5.8,-88,-2.7,176.6,565.6,-403.7,,,746.5,468.2,722.8,-7.4,-2.9,,,,,,,
2018/12/27,,,,450.6,,-10,-7,267.7,-16.3,-6.6,-88.3,-3.7,176,565.6,-404,,,747.2,467.4,722.9,-7,-4.4,,,,,,,
2018/12/28,,,,452.4,,-8.1,-5.4,269.9,-14.8,-5.5,-90.5,-1.1,175,568.2,-401.7,,,746.7,470.4,725.7,-4.4,-1.5,,,,,,,
2018/12/29,,,,453.8,,-7.7,-4.4,271.4,-13.3,-5.8,-88.6,-0.2,176.3,569.9,-401.4,,,747.5,471.7,727.6,-3.6,-0.4,,,,,,,
2018/12/30,,,,454.1,,-7.5,-5.1,271,-14.5,-6,-86.8,-0.4,178.6,570.7,-402,,,751.8,472.7,727.7,-4.8,-1.5,,,,,,,
2018/12/31,,,,454.4,,-8.2,-6,270.9,-15.4,-6.6,-89.6,-2.8,177.9,570,-402.6,,,751.9,472,727.8,-5.6,-4.3,,,,,,,
2019/1/1,,,,454.6,,-9.6,-7.7,271.3,-15.9,-6.1,-89.6,-3.7,175.8,572.1,-403.8,,,749.1,473.6,728.9,-7,-1.8,,,,,,,
2019/1/2,,,,456.4,,-7.8,-5.9,273.1,-15,-6,-85.5,-1.5,182.5,574.2,-402.6,,,756.9,477.7,733,-3.7,-0.5,,,,,,,
2019/1/3,,,,457.2,,-8.2,-5.9,274,-14.8,-6,-87.8,-1.3,180.8,575.1,-403.7,,,756,477.6,733.1,-4.7,-3,,,,,,,
2019/1/4,,,,457.8,,-8.8,-6.6,274.2,-15.2,-6.1,-92,-2.8,178.2,577,-405.5,,,755.9,479.2,734.8,-8.3,-2.2,,,,,,,
2019/1/5,,,,460.4,,-6.7,-4.2,276.3,-13.6,-5.3,-86.3,0.9,183.6,580.2,-402.3,,,762.4,482.5,738.5,-2.9,0.1,,,,,,,
2019/1/6,,,,459.9,,-9,-5.8,275.7,-15.4,-5.5,-90.1,-1.6,181.4,580.1,-405.4,,,761.2,482.3,738.2,-5.6,-2,,,,,,,
2019/1/7,,,,460.6,,-9,-6.8,276.2,-14.9,-5.9,-92.1,1.2,179.8,581.2,-406.1,,,759.7,483,739.4,-4.7,-2.8,,,,,,,
2019/1/8,,,,462.2,,-7.8,-6,277.1,-14.5,-5.9,-92.5,-2.2,179.5,582.6,-407,,,760.4,484.1,741.2,-5.8,-2.5,,,,,,,
2019/1/9,,,,462.7,,-8.5,-6.1,277.4,-14.7,-6.9,-88.5,-0.3,182.8,583.2,-406.8,,,765.5,485.1,742,-5.6,-3.2,,,,,,,
2019/1/10,,,,463.4,,-8.1,-6.2,277.9,-15.2,-5.3,-87.6,3.5,184.2,586,-403.9,,,768.9,487.5,744.6,-3.4,-1.8,,,,,,,
2019/1/11,,,,464.9,,-7.4,-5.2,279,-13.8,-6.6,-89.7,-2.5,183.6,585.9,-407.9,,,767.9,488.1,744.6,-6,-2.6,,,,,,,
2019/1/12,,,,464.6,,-7.2,-5.4,279,-14.8,-6,-87.8,1.5,183.3,588.1,-405.6,,,770.2,489.8,746.8,-4.1,-1.3,,,,,,,
2019/1/13,,,,466.5,,-7.4,-5,279.9,-14.1,-5.7,-90.7,0.5,182,588.1,-407.4,,,768.4,489.8,747,-4.8,-1.8,,,,,,,
2019/1/14,,,,467.6,,-6.7,-4.7,280.6,-14.2,-4.4,-89.6,-1.3,184,589.7,-408.9,,,772.1,491.3,748.5,-6.4,-1.9,,,,,,,
2019/1/15,,,,467.5,,-7.5,-4.8,281.3,-13.3,-6.3,-92.5,-0.7,181.8,590.1,-410,,,769.6,490.4,749.2,-4.4,-2,,,,,,,
2019/1/16,,,,466.9,,-8.1,-6.1,279.9,-15.6,-5.7,-87.8,0.5,184.7,591,-407.5,,,773.4,492.9,749.9,-4.6,-2.3,,,,,,,
2019/1/17,,,,469.1,,-6.9,-4.7,281.6,-13.8,-5.8,-87.8,2,185.5,593.2,-407.1,,,776.3,494.3,752.3,-3.8,-1.5,,,,,,,
2019/1/18,,,,468.9,,-8.1,-5.9,281.5,-14.8,-4.8,-92.2,0.7,184.2,592.9,-411.4,,,773,494,751.9,-5,-3.3,,,,,,,
2019/1/19,,,,468.8,,-8.6,-6.1,282,-14.6,-6.6,-92.1,-1.3,182.6,593.2,-411.6,,,772.5,494,752.5,-6.6,-2.7,,,,,,,
2019/1/20,,,,468.7,,-9.4,-6.7,282.2,-13.6,-6.9,-94.1,-2.8,181.3,593.5,-409.2,,,770.7,493.9,752.6,-7.9,-3.2,,,,,,,
2019/1/21,,,,468.6,,-10.1,-7.1,282.7,-12.9,-8.1,-95.1,-4.8,179.7,593.9,-407.9,,,769.4,494.6,753.1,-9.5,-1.7,,,,,,,
2019/1/22,,,,469.2,,-10.9,-7.6,283.2,-11.9,-9.4,-96.8,-6.8,177.9,594.4,-405.7,,,767.6,495,752,-11.2,-1.1,,,,,,,
2019/1/23,,,,467.1,,-11.7,-5.7,280.8,-10.9,-10.8,-98.3,-9,177.4,595,-403.6,,,766.4,495.7,751.7,-13,0.2,,,,,,,
2019/1/24,,,,468.8,,-11,-4.7,279.6,-9.5,-9.9,-97.7,-9.5,179.9,596.6,-404.8,,,772,496.5,753,-14.5,1.5,,,,,,,
2019/1/25,,,,470.6,,-9.6,-3.4,283.4,-12.5,-8.3,-94.8,-6.8,183.1,597.6,-408.7,,,777.1,497.2,754.4,-11,-0.7,,,,,,,
2019/1/26,,,,473.2,,-7.3,-5.4,284.9,-14.5,-6.2,-91.6,-2.4,187.2,599.5,-411.9,,,782.4,501.1,758.4,-6.7,-2.5,,,,,,,
2019/1/27,,,,475.2,,-5.9,-3.4,286.8,-12.5,-5.6,-90.7,-1,189.1,601.4,-411.5,,,783.5,502.7,760.8,-5.5,-1.3,,,,,,,
2019/1/28,,,,474.7,,-6.8,-4.5,285.8,-14.1,-5.3,-89.7,0.2,189.2,602,-410.6,,,785.5,503.1,761.1,-4.1,-1.7,,,,,,,
2019/1/29,,,,475.6,,-6,-3.5,287,-12.5,-5.5,-90,-1.5,189.7,602.1,-410.9,,,786.1,503.5,761.2,-4.3,-2.2,,,,,,,
2019/1/30,,,,474.6,,-6.6,-4.4,286.6,-14,-6.2,-96.3,-3.4,184.7,602,-418.7,,,781.3,503,761.4,-5.3,-3.2,,,,,,,
2019/1/31,,,,475.1,,-7.5,-5,286.1,-14.3,-5.6,-88.9,-2.1,191.7,603.6,-409.1,,,788.9,505.1,763,-4.7,-0.6,,,,,,,
2019/2/1,,,,475,,-6.7,-4,286.6,-13.1,-8,-89.6,-2.4,190.9,602.9,-410.6,,,790.3,504.3,763,-5,-1.5,,,,,,,
2019/2/2,,,,474.9,,-7.4,-5.4,286.4,-14.9,-5.6,-96,-0.5,187,603.9,-418.2,,,784.1,503.6,762.1,-5.3,-3.3,,,,,,,
2019/2/3,,,,475.2,,-6.3,-5,286.5,-14.9,-6.7,-96.9,-1.2,186.4,604.2,-418.7,,,784,504,763.2,-6.6,-3,,,,,,,
2019/2/4,,,,475.7,,-7.5,-4.9,287.4,-14.3,-6.7,-96.2,-8.3,187.1,605.7,-418.4,,,786.9,505.9,765,-8.3,-1,,,,,,,
2019/2/5,,,,476.5,,-7.1,-4.8,287.1,-14.3,-6.3,-96.1,-2.6,187.8,606.2,-412.7,,,787.7,507.6,765.2,-4.2,-1.2,,,,,,,
2019/2/6,,,,476.5,,-7.7,-5.8,286.6,-15.1,-5.4,-93.4,-0.8,186.9,605.5,-411.1,,,790.6,506,763.7,-5.1,-3.2,,,,,,,
2019/2/7,,,,475.6,,-8.2,-5.6,287.1,-15.3,-7.1,-98.5,-5.6,186.2,606.2,-420.9,,,786,505.9,765.2,-8.5,-3.9,,,,,,,
2019/2/8,,,,477.5,,-6.9,-4.6,288.1,-14.2,-6.5,-94.7,-0.8,189.2,608.2,-416.4,,,789,508.4,767,-4.9,-2.2,,,,,,,
2019/2/9,,,,478.5,,-6.1,-3.7,288.7,-14.5,-5.6,-97.4,-4.4,187.3,608,-416.8,,,787.5,507.8,766.6,-4.1,-0.6,,,,,,,
2019/2/10,,,,477.6,,-6.5,-4.8,288.2,-14.4,-7.1,-97.6,-6.3,188,608.9,-420.4,,,789,508.3,767,-6.7,-2.1,,,,,,,
2019/2/11,,,,477.8,,-7.3,-4.7,288.3,-14.3,-6.7,-92.6,-2.3,188.6,608.8,-412.5,,,792.2,510.1,767.6,-5.4,-1.3,,,,,,,
2019/2/12,,,,478.5,,-7,-4.6,288.6,-14.1,-5.9,-94.4,-6.5,191.1,610.4,-415.9,,,792.5,509.8,768.8,-5.5,-1.7,,,,,,,
2019/2/13,,,,477.9,,-7.5,-4.9,288.2,-14.7,-6.6,-95.8,-3.6,189.7,610,-417.9,,,791.7,509.6,768.4,-3.5,-2.3,,,,,,,
2019/2/14,,,,477.6,,-7.9,-5.4,288.2,-15.4,-7,-95.4,-3.3,189.9,610.8,-417.7,,,792.5,510.1,769.2,-3.9,-1.9,,,,,,,
2019/2/15,,,,479.1,,-7,-4.8,289.2,-13.9,-6.6,-94.5,-4.2,191.2,608.4,-415.4,,,793.5,507.4,766.6,-7.7,-3.3,,,,,,,
2019/2/16,,,,477.9,,-7.7,-6.3,288,-15.5,-6.9,-97,-6.7,188.8,610.9,-416.3,,,792.4,509.4,768.5,-8.3,-2.9,,,,,,,
2019/2/17,,,,478.6,,-7.5,-5.5,289,-14.5,-7.4,-94.1,-3.4,190.6,610.6,-415.5,,,792.9,509.1,769,-7.5,-3.8,,,,,,,
2019/2/18,,,,477.9,,-8.2,-6.5,288.6,-15.4,-6.6,-95.5,-7.3,189.7,611.5,-413.2,,,792,509.7,769.7,-9.1,-2.1,,,,,,,
2019/2/19,,,,478.1,,-8.7,-6.2,288.2,-15.5,-8.3,-95.4,-4.9,190.2,610.1,-416.6,,,794.3,508.7,768.5,-8,-4.4,,,,,,,
2019/2/20,,,,478.5,,-8.3,-6.4,289.2,-15.2,-6.6,-95.4,-6.6,190,612.5,-414.3,,,795.9,512.4,771,-7.6,-1.4,,,,,,,
2019/2/21,,,,480.1,,-7.5,-4.8,289.7,-14.5,-6.2,-97.3,-1.6,189,612.8,-418.1,,,792.2,510.7,770.8,-6.2,-2.7,,,,,,,
2019/2/22,,,,478.4,,-8.4,-6.2,289.1,-15.4,-7.3,-97.2,-5.7,190.2,613.1,-422.4,,,792.8,511.7,771.1,-9.7,-3.1,,,,,,,
2019/2/23,,,,480,,-7.5,-5.4,290,-14.4,-6.8,-93.3,-0.9,192.8,608.4,-414.7,,,797,512,772,-6.1,-1.9,,,,,,,
2019/2/24,,,,478.2,,-9,-7.1,289.1,-16.1,-7.6,-99.3,-9.3,188.9,612.8,-416.7,,,796.7,510.7,770.7,-9.9,-2.9,,,,,,,
2019/2/25,,,,478.6,,-10,-7.4,289.1,-15.9,-8.1,-100.6,-6.5,187.1,613.1,-424.7,,,790.9,510.8,770.9,-8.5,-4.7,,,,,,,
2019/2/26,,,,479.7,,-8.8,-6.7,289.2,-16.1,-6.8,-93.7,-4.3,194.3,614.2,-414.9,,,799.2,511.7,771.1,-8.9,-3.3,,,,,,,
2019/2/27,,,,480,,-8.2,-5.8,290.3,-15.1,-7.1,-94.1,-2.6,192.8,614.4,-416.1,,,798.3,513.4,772.6,-7.6,-3.4,,,,,,,
2019/2/28,,,,479.6,,-9.2,-6.9,289.9,-16.4,-6.9,-94.2,-9,193.2,615.2,-416.9,,,798.4,513.5,772.7,-11.5,-4.2,,,,,,,
2019/3/1,,,,480.6,,-7.9,-6,291,-15.4,-6.7,-93.2,-2.2,193.9,615.5,-415.4,,,799.4,513.5,772.8,-7.2,-3.8,,,,,,,
2019/3/2,,,,480.5,,-8.2,-5.9,292,-15.1,-7,-98.2,-6,191,616.7,-419.8,,,796.9,514.6,774,-8.7,-2.2,,,,,,,
2019/3/3,,,,480.5,,-7.2,-5.4,291.5,-14.7,-8.8,-101,-8.8,188.3,615,-421,,,796.1,512.6,773,-7.5,-3.5,,,,,,,
2019/3/4,,,,478.3,,-10.8,-8.6,289.7,-18.2,-7.9,-101.8,-7.1,188.2,615.4,-425.9,,,793.8,512.2,771.8,-10.2,-6.5,,,,,,,
2019/3/5,,,,479.5,,-8.5,-6.9,291.8,-16.8,-8,-100.7,-9.6,190.1,617.4,-424.7,,,796.8,514.6,774.3,-9.7,-3.8,,,,,,,
2019/3/6,,,,481.1,,-8.3,-5.4,293.1,-14.8,-7.5,-100.7,-8.4,190.2,618,-423.8,,,796.9,515.6,775.5,-8.6,-3.2,,,,,,,
2019/3/7,,,,480,,-9.3,-6.4,292.4,-15.7,-8.2,-101.7,-6,189.3,616.8,-423.8,,,797.3,514.7,774.3,-7.5,-3.2,,,,,,,
2019/3/8,,,,482.1,,-7.3,-5,293.1,-14.8,-6.6,-92.6,-1.7,196.5,618.9,-413.6,,,804.9,517.9,776.8,-4.4,-2.1,,,,,,,
2019/3/9,,,,482,,-8.3,-5.9,293.2,-15.1,-7.6,-100.7,-8.4,190.2,617.4,-422.3,,,798.7,515,774.4,-12.1,-5.3,,,,,,,
2019/3/10,,,,482.1,,-6.5,-4.8,293.7,-14.5,-7.2,-91.8,-2.8,197.4,618.9,-414.2,,,806,517.2,776.2,-5,-0.6,,,,,,,
2019/3/11,,,,481.8,,-7.7,-5.4,293,-15.4,-7.7,-94,-1.1,195.5,619.6,-414.3,,,803.4,517.8,777.2,-5.1,-2.1,,,,,,,
2019/3/12,,,,481.9,,-7.9,-5.1,293.6,-15.2,-7.5,-99.9,-3.3,191.4,619.6,-421.9,,,799.2,516.8,776,-6,-2.7,,,,,,,
2019/3/13,,,,482.1,,-8.1,-5.1,293.7,-15,-7.4,-100.9,-3.9,190.9,619.5,-423.9,,,799.2,516.5,776.4,-7.2,-3.9,,,,,,,
2019/3/14,,,,482.1,,-7.1,-5.6,293.5,-15.7,-7.4,-100.6,-3.2,191,619.7,-418.6,,,799.6,516.9,777.2,-6.5,-2.1,,,,,,,
2019/3/15,,,,483.1,,-7.2,-4.9,294.7,-14.1,-7.8,-94.5,-4.8,192.2,621,-415.2,,,804.6,518.2,778.1,-5.5,-1.2,,,,,,,
2019/3/16,,,,482.6,,-7.1,-5.1,294.8,-14.3,-7.6,-100.5,-9.4,191.8,621.8,-423.5,,,801.1,518.3,778.1,-9.1,-3.7,,,,,,,
2019/3/17,,,,483.5,,-7,-4.6,294.8,-14.3,-7.3,-99.8,-5,191.8,622.2,-419.1,,,804.5,517.9,778.3,-8.6,-2.1,,,,,,,
2019/3/18,,,,483.2,,-7.7,-5.5,294.4,-14.9,-8,-98.1,-5,192,620.5,-418.3,,,803.2,518,777.6,-7.6,-3.7,,,,,,,
2019/3/19,,,,485,,-6,-3.3,296.7,-12.9,-6.2,-96.6,-2.3,194,623.5,-416.1,,,805.7,520.6,780.4,-5.3,-1.1,,,,,,,
2019/3/20,,,,485.4,,-5.6,-2.5,297.5,-12.4,-5.8,-96.5,-1,194.6,625.2,-415.3,,,806.8,521.8,781.9,-4.3,0,,,,,,,
2019/3/21,,,,486.7,,-4,-1.3,298,-11.8,-6.6,-94.9,-3.9,197.7,624.2,-416.6,,,809.4,522.6,781.7,-5.8,-0.4,,,,,,,
2019/3/22,,,,487.1,,-3.1,-0.2,299.1,-10.3,-5.8,-95.1,-1.7,197.1,626.1,-414.1,,,810.3,524.2,783.4,-4,1.5,,,,,,,
2019/3/23,,,,488.8,,-1.7,0.6,300.3,-8.9,-5.3,-95.5,0.2,197.5,627.4,-413.7,,,810.7,525.2,785.4,-2.6,2.3,,,,,,,
2019/3/24,,,,488.3,,-2.6,0.4,300.1,-9.3,-6.9,-100.5,-6.5,195.2,626,-421.2,,,806.5,523.4,783.7,-6.1,0.6,,,,,,,
2019/3/25,,,,486.3,,-4.6,-1.5,297.9,-11.4,-8,-94.7,-1.5,198.1,624.9,-415.7,,,810.6,523.1,783.3,-4.1,-0.5,,,,,,,
2019/3/26,,,,487.8,,-3.6,-0.8,299.5,-10.5,-5.7,-95.3,-3.9,198.5,626.6,-416.8,,,809.6,524.4,783.7,-6,0.4,,,,,,,
2019/3/27,,,,487.4,,-3.2,-0.9,299.2,-10.9,-7.3,-95.2,-7.8,198.6,626.9,-417.3,,,809.7,524.3,784.2,-6.3,0.5,,,,,,,
2019/3/28,,,,488.7,,-2.7,0.3,300.3,-10.1,-5.3,-96.3,-3.1,198.7,628.2,-417.3,,,809.8,525,784.8,-2.5,0.6,,,,,,,
2019/3/29,,,,486.4,,-4.1,-2.2,298.6,-11.6,-7.3,-101.6,-6.8,194.1,626.2,-423.7,,,805.6,522,782.5,-8.8,-2.9,,,,,,,
2019/3/30,,,,487.3,,-3.9,-1,299.4,-11.6,-6.4,-98.4,-4.4,196.9,627.8,-419.5,,,808.5,524.4,784.5,-3.6,-0.6,,,,,,,
2019/3/31,,,,488.3,,-3.1,0,301,-9.9,-5.5,-98.9,-7.9,196.6,629.1,-420.8,,,808.9,525.7,786.3,-5.1,0.7,,,,,,,
2019/4/1,,,,489,,-1.9,0.9,301.4,-9.4,-5.5,-93.7,0.1,200.2,630.9,-415.8,,,814,527.6,787.4,-2.9,3.5,,,,,,,
2019/4/2,,,,488.9,,-3.2,-0.1,300.9,-10.4,-4.6,-93.9,-1.5,201.4,629.3,-414.7,,,813.6,526.8,786.5,-2.3,1.9,,,,,,,
2019/4/3,,,,488.5,,-2.7,-0.2,300.7,-10,-6.1,-98.7,-4.3,198.5,629,-417.2,,,811.9,526,786.4,-4.3,0.7,,,,,,,
2019/4/4,,,,488.5,,-3.4,-0.2,300.4,-10.2,-7.4,-97.1,-3.8,196.3,628.8,-416.8,,,809.4,525.5,786,-3.1,2,,,,,,,
2019/4/5,,,,488.9,,-2.2,1,301.7,-9.3,-5.5,-98.2,-1.6,198.1,630.9,-415.1,,,811.2,526.9,787.9,-1.4,3.6,,,,,,,
2019/4/6,,,,488.7,,-2.8,0.2,301,-9.9,-5.9,-96.9,-2.8,198.6,629.5,-415.9,,,811.6,526.3,786.7,-2.7,2.7,,,,,,,
2019/4/7,,,,489.2,,-2.6,0,300.8,-10.3,-5.1,-93.8,-0.4,198.6,630.5,-414.6,,,814.4,526.7,786.8,-3.1,1.3,,,,,,,
2019/4/8,,,,486.9,,-5.8,-3.3,299,-13,-5.7,-94.3,-2.9,201.1,630,-415.9,,,814.3,525.9,786.4,-5,-0.8,,,,,,,
2019/4/9,,,,489.8,,-2.1,0.1,301.6,-9.7,-4.3,-93.1,2.7,202.1,631.7,-411.8,,,816.6,527.7,788.2,-0.2,2.3,,,,,,,
2019/4/10,,,,489.3,,-1.5,-0.5,302,-10.3,-4.9,-100.3,-0.1,198,631.4,-413.2,,,810.1,525.9,787.6,-6.3,0.3,,,,,,,
2019/4/11,,,,489.2,,-2.6,-0.3,300.8,-10.4,-5.5,-92.7,1.9,202.5,631.8,-412.2,,,818.1,527.6,788.8,-0.2,1.6,,,,,,,
2019/4/12,,,,487.1,,-4.2,-2.7,299.5,-12.5,-5.8,-98.2,0.1,199.2,630.6,-415.6,,,812.4,525.2,786.7,-2.4,0.3,,,,,,,
2019/4/13,,,,489.7,,-1.9,0.1,301.5,-9.9,-5.2,-94.8,0.6,200.4,632.7,-413.6,,,814.6,527.8,789,-0.9,2.1,,,,,,,
2019/4/14,,,,489.5,,-2.5,-0.3,301.6,-10.4,-5.8,-94.1,-0.5,202.7,632.3,-412.5,,,817.7,528.2,788.7,-2.1,2.7,,,,,,,
2019/4/15,,,,489.2,,-2.9,-0.3,302,-10.4,-5.9,-100.4,-3.5,198.7,632.3,-418,,,813.2,526.5,788.6,-3.7,1.5,,,,,,,
2019/4/16,,,,489.7,,-2.8,-0.1,302.6,-10.6,-5.7,-94.9,0.4,202.7,633.3,-413.7,,,815.8,527.5,788.7,-2.7,1.8,,,,,,,
2019/4/17,,,,490.3,,-2.5,0.2,302.6,-10,-5.4,-93.1,0,205,633.7,-412.7,,,819.4,529.5,790.8,0,3,,,,,,,
2019/4/18,,,,488,,-4.9,-2.6,300.6,-12.8,-6.2,-97.4,0.5,199.8,632.2,-414.2,,,814.6,526.2,787.5,-0.5,0.8,,,,,,,
2019/4/19,,,,488.5,,-4.2,-3,300.8,-13.1,-6.6,-97.3,-1.5,200.7,632,-416,,,816,525.9,787.8,-3,0.8,,,,,,,
2019/4/20,,,,488.9,,-3.7,-1.7,302,-12,-6.3,-100.7,-2,198.5,632,-413.7,,,814,526.1,788.3,-2.2,1.4,,,,,,,
2019/4/21,,,,489.3,,-3.8,-1.1,302.2,-11.7,-6,-94.8,0.6,202.7,633.3,-414.3,,,818.5,527.4,789.4,-3.4,1.1,,,,,,,
2019/4/22,,,,489,,-3.1,-1.3,301.6,-11.5,-6.4,-101.3,-1.2,198.7,633,-416.8,,,818.9,526.6,788.8,-3.6,1.1,,,,,,,
2019/4/23,,,,489.8,,-3.5,-0.8,302.1,-11.1,-5.8,-95.9,-3.1,202.7,633.3,-415.6,,,817.9,527.2,789.7,-4.3,0.6,,,,,,,
2019/4/24,,,,489.1,,-4.2,-1.7,302.1,-11.8,-6.2,-99.4,0,199.8,633.5,-416.7,,,817.7,526.8,789.6,-1.8,0.6,,,,,,,
2019/4/25,,,,490.1,,-2.8,0.1,303.2,-10,-5.7,-100.1,-0.6,200.1,634.4,-419.7,,,816.5,527.1,790.9,-1.6,1.3,,,,,,,
2019/4/26,,,,489.5,,-3.7,-1.5,301.9,-12.1,-5.5,-95.5,0.1,203,634.6,-412.4,,,819.3,527.4,790.4,-1.6,0.4,,,,,,,
2019/4/27,,,,488.2,,-5,-3.3,300.9,-13.3,-6.6,-103.2,-3.9,196.8,632.6,-422.2,,,812.6,524.3,788.4,-6.2,-1.8,,,,,,,
2019/4/28,,,,489.6,,-3.9,-1.2,302.2,-11.7,-5.9,-96.9,-5,202.6,633.8,-415.4,,,819.7,527.3,790.6,-4.6,0.5,,,,,,,
2019/4/29,,,,489,,-4.6,-1.8,301.6,-12.3,-7.1,-96.6,-4.5,202.9,634.2,-414.6,,,818.6,527.2,790.7,-4,1.3,,,,,,,
2019/4/30,,,,489.6,,-3.7,-0.9,302.8,-11.2,-7.1,-96.3,-11,203.3,634.1,-415.2,,,817,527.9,791.2,-6,-0.1,,,,,,,
2019/5/1,,,,488.8,,-4.5,-2.1,302.2,-12.1,-6.3,-95.8,-4.7,204.3,634.5,-413.7,,,820,528,791.3,-2.4,1.6,,,,,,,
2019/5/2,,,,489.3,,-4.2,-1.6,302.6,-11.8,-6.5,-96.6,-1,204.4,634.9,-412.9,,,819.4,528.5,791.3,-1.6,1.5,,,,,,,
2019/5/3,,,,489.7,,-4.1,-1.4,302.3,-11.7,-6.6,-96.6,-4,203.2,634.6,-415.7,,,818.8,527,790.7,-3.7,0.1,,,,,,,
2019/5/4,,,,490.2,,-3.6,-0.7,302.9,-11,-5.8,-96.1,-2.6,204.1,635.2,-414,,,820,527.7,791.8,-2.5,1.1,,,,,,,
2019/5/5,,,,489,,-5.1,-2.9,301.8,-12.7,-6.1,-96.3,-1.9,203.8,635.3,-413.3,,,820.9,527.5,791.8,-2.1,1,,,,,,,
2019/5/6,,,,489.6,,-3.6,-1.7,302.2,-12.3,-5.4,-94.8,-6.5,205,635.6,-411.2,,,819.1,528.5,792,-2.1,2,,,,,,,
2019/5/7,,,,489,,-5.1,-2.8,301.5,-13,-6.8,-99.2,-0.7,201,634.5,-414.9,,,819.4,526.8,791.1,-3.6,-0.4,,,,,,,
2019/5/8,,,,489.3,,-5.6,-2.9,301.5,-13.2,-7.1,-101.2,-7,200.7,633.9,-418.6,,,818.4,525.3,790.3,-6.1,-0.5,,,,,,,
2019/5/9,,,,490.1,,-4.4,-1.9,302.4,-12,-6.5,-99.2,-5.1,202,634.6,-417.6,,,820,526.5,791.2,-6.1,0,,,,,,,
2019/5/10,,,,490.8,,-3.5,-0.7,303,-11.3,-6.3,-99.6,-4.4,201.7,635.7,-416.4,,,821,527.6,792.7,-4.7,1,,,,,,,
2019/5/11,,,,489.8,,-4.7,-2.1,302,-12.6,-6.6,-97,-1.6,204.2,635,-414.7,,,821.8,527.3,791.7,-4,0.6,,,,,,,
2019/5/12,,,,490.4,,-3.8,-1.3,302.7,-11.8,-6.4,-101.1,-3.8,199.2,635.7,-416,,,820.2,526.9,792.3,-4,0.7,,,,,,,
2019/5/13,,,,490,,-4.2,-2,302,-12.6,-6,-99.6,-0.9,201.8,636.3,-412.8,,,824.4,527.2,792.1,-2.3,0.8,,,,,,,
2019/5/14,,,,491.5,,-3.3,-0.2,303,-11.5,-5.8,-100,-7.2,202,635,-417.9,,,820.9,526.4,791.7,-7.3,0,,,,,,,
2019/5/15,,,,489.9,,-4.6,-2.1,302.4,-12.9,-6.8,-102.2,-3.9,198.5,635.6,-416.3,,,819.9,526,792,-5.1,-0.6,,,,,,,
2019/5/16,,,,489.6,,-5.3,-2.8,302.7,-12.5,-6.4,-98.2,-1.6,204,636.3,-414.8,,,823.4,527.3,793,-3.9,0.1,,,,,,,
2019/5/17,,,,490.7,,-4.4,-1.9,302.8,-12.5,-6.3,-103.1,-4.1,200.1,635.7,-416.6,,,820.8,526.2,792.2,-5.6,-0.7,,,,,,,
2019/5/18,,,,489.5,,-5.3,-2.9,301.5,-13.8,-8.1,-99.6,-2.3,199.3,635.4,-414.9,,,823.4,524.9,791.2,-4,-0.7,,,,,,,
2019/5/19,,,,490.4,,-5.2,-2.3,302.5,-13.2,-6.9,-99.5,-0.6,204.4,636.3,-414.5,,,824.1,526.6,793.1,-3.2,-0.2,,,,,,,
2019/5/20,,,,490.8,,-4.5,-2,303,-12.3,-6.4,-97.4,-1.2,205.3,637.8,-413.5,,,825.8,528.7,794.1,-2.4,0.4,,,,,,,
2019/5/21,,,,491.7,,-3.5,-0.6,304.3,-11.5,-6.2,-100.7,0,202.2,637.8,-412.9,,,824.5,528.6,794.6,-2.1,1.7,,,,,,,
2019/5/22,,,,491.8,,-3.6,-1.1,303.8,-11.7,-5.9,-103,-4.6,201,637.2,-415.7,,,821.1,527.6,794.2,-4.4,0.3,,,,,,,
2019/5/23,,,,492.1,,-3.3,-0.7,303.7,-11.4,-6.1,-99.5,-7.3,204.1,637.5,-417.1,,,824,527.5,794,-4.7,0.1,,,,,,,
2019/5/24,,,,493,,-2.4,0.6,304.7,-10.3,-5.5,-95.9,-3.3,207.7,637.9,-412.8,,,829.1,531,795.6,0.3,3.7,,,,,,,
2019/5/25,,,,491.1,,-4.2,-1.9,303.3,-13.5,-6.8,-100.7,-1.4,200.9,638.5,-413.2,,,824.6,527.3,794,-1.8,1.7,,,,,,,
2019/5/26,,,,490.5,,-5.6,-2.7,302.2,-14.3,-6.7,-99.1,-6.6,203.9,636.1,-415.6,,,825.2,526.5,793.1,-5.5,-1,,,,,,,
2019/5/27,,,,490.2,,-5.9,-3.4,301.8,-14,-7.3,-100.5,-3.5,203.2,637.9,-416.6,,,824.2,526.7,794,-5.3,-0.8,,,,,,,
2019/5/28,,,,491.3,,-4.2,-2.6,303.1,-13,-6.7,-103.8,-2.8,200.7,637.8,-413.4,,,826.4,526.6,794.3,-2.5,0.6,,,,,,,
2019/5/29,,,,491.9,,-4,-0.7,303.9,-11.6,-6.8,-102.7,-2.6,201.8,638.5,-417.2,,,824.4,527.7,795.2,-2.6,1.2,,,,,,,
2019/5/30,,,,492.6,,-3.5,-1.1,302.9,-13.2,-7.8,-104.8,-4.3,199.9,637.9,-418.5,,,822.4,526,794.9,-3.4,0.8,,,,,,,
2019/5/31,,,,491.1,,-5.1,-2,303,-12.8,-6.6,-104.6,-3.6,200,637.8,-421.1,,,821.7,525.4,794,-4.2,-0.5,,,,,,,
2019/6/1,,,,492.3,,-4,-1,303.7,-11.9,-6.2,-96.9,-0.3,206.2,639.1,-411.9,,,829.4,527.8,795.8,-1.7,2.1,,,,,,,
2019/6/2,,,,491.8,,-3.8,-1.8,303,-12.5,-8,-106.8,-5.1,199.6,637.3,-415.6,,,821.3,525.6,793.3,-3.6,0.1,,,,,,,
2019/6/3,,,,492.6,,-3.7,-1.1,303.8,-11.8,-8.3,-106.5,-5.2,198.8,637.5,-418.7,,,822.1,524.7,793.9,-4.9,-0.5,,,,,,,
2019/6/4,,,,490.4,,-6.7,-4,301.6,-14.9,-8.6,-104.9,-5.8,199.5,637,-416.7,,,821.9,523.9,792.9,-6.4,-1.9,,,,,,,
2019/6/5,,,,488.8,,-7.8,-5.8,300.6,-16.8,-8.1,-98.5,-8,201,637.2,-413.3,,,826.1,524,793,-8.2,-2.1,,,,,,,
2019/6/6,,,,491.9,,-4.5,-2.6,303.9,-12.6,-6.2,-101.2,-4.3,203.7,640,-410.8,,,825.6,527.6,796.5,-3.8,2.8,,,,,,,
2019/6/7,,,,492.2,,-4.6,-1.9,304,-12.9,-6,-96.8,-3.5,206,640.2,-411.5,,,829.5,528,796.6,-3.2,1.1,,,,,,,
2019/6/8,,,,492.6,,-4.7,-1.7,303.9,-13,-6.2,-96.5,-0.5,206.7,641.3,-410.5,,,830.5,529,797.8,-3.4,1.8,,,,,,,
2019/6/9,,,,493.3,,-4,-0.5,305,-11.8,-6.4,-97.8,-1.5,206.6,640.9,-411.5,,,829.8,529,797.9,-2.1,2.8,,,,,,,
2019/6/10,,,,494.5,,-2.8,0,305.3,-11.1,-5.3,-97.7,-7.6,206.9,639.7,-412.3,,,830.6,529.3,798.2,-6.4,1.5,,,,,,,
2019/6/11,,,,493,,-5.1,-1.8,304.3,-13,-6.5,-101,-2,203.9,639.6,-415.5,,,828.4,527.4,796.7,-3.4,-0.6,,,,,,,
2019/6/12,,,,493.2,,-4.5,-1.5,304.4,-12.6,-6.5,-98.4,-1.1,206.9,640.8,-411.2,,,831.6,528.9,797.9,-1.9,0.6,,,,,,,
2019/6/13,,,,492.7,,-5.7,-2.5,303.6,-13.7,-6.7,-98.9,-2,207,640.5,-413.5,,,831.3,528.4,797.6,-2.3,0.9,,,,,,,
2019/6/14,,,,492.3,,-6.2,-3.1,303,-14.4,-7,-99.7,-0.9,206.3,639.9,-413.4,,,830.4,527.6,796.9,-3.2,-0.3,,,,,,,
2019/6/15,,,,492,,-6.5,-3.2,302.7,-14.6,-7.5,-101,-4.7,205.3,639.7,-416.6,,,829.2,527.3,796.6,-5.7,-0.6,,,,,,,
2019/6/16,,,,493.5,,-4.8,-1.3,304.1,-13.1,-6.9,-100.7,-7.8,205.3,639.4,-413.9,,,830.6,526.9,796.1,-5.7,-0.5,,,,,,,
2019/6/17,,,,491.8,,-6.3,-3.5,303,-14.6,-8.5,-100.9,-3.9,205,640.3,-414,,,830.9,527.3,797.2,-4.8,-0.4,,,,,,,
2019/6/18,,,,493,,-5.6,-2.5,303.2,-13.5,-6.8,-100.9,-4.6,205.5,640.4,-417.5,,,830.6,526.9,797.3,-4.6,0.2,,,,,,,
2019/6/19,,,,492.2,,-6.5,-3.5,302.8,-14.7,-7.5,-99.5,-3.4,206.6,640.5,-412.2,,,831.7,526.6,797.4,-3.5,-0.5,,,,,,,
2019/6/20,,,,493.8,,-4.1,-1.3,304.4,-13.1,-7.6,-103.7,-7.8,203.9,639.4,-414.6,,,829.9,526.3,796.7,-7.8,-0.8,,,,,,,
2019/6/21,,,,492.6,,-6.5,-3.3,303,-14.8,-7.1,-101.1,-1.5,205.8,640.5,-414.1,,,830.8,526.7,797.6,-4.3,-0.2,,,,,,,
2019/6/22,,,,493.8,,-5.1,-2.1,303.7,-14,-7.6,-99.8,-2.1,207.2,641.3,-413.6,,,832.5,527,798.2,-3.7,0,,,,,,,
2019/6/23,,,,493.5,,-5.5,-2.4,303.8,-13.9,-7.6,-100.4,-1.9,207.2,641.4,-413.5,,,833.5,527.9,799,-3.8,0.6,,,,,,,
2019/6/24,,,,494.2,,-5,-1.6,304.3,-13.4,-6.7,-100,-1.9,207.1,641.4,-413.1,,,833,527.9,799.1,-3.7,0.6,,,,,,,
2019/6/25,,,,493.5,,-5.8,-2.7,303.6,-14.4,-6.4,-99.1,-3.5,208.3,641.5,-412.8,,,834.8,528.3,800.1,-3.1,1.2,,,,,,,
2019/6/26,,,,493.2,,-6.2,-3.7,303.2,-14.4,-6.6,-106.8,-4.9,202.5,640.8,-415.8,,,829.7,525.6,798.2,-5.6,-0.6,,,,,,,
2019/6/27,,,,492.2,,-7.7,-4.6,302.3,-15.6,-8.2,-102.3,-8.6,204.6,639.8,-416.1,,,831.2,524.9,796.7,-7.5,-1.8,,,,,,,
2019/6/28,,,,493.5,,-6.3,-3.3,303.8,-14.4,-6.8,-102,-5,205.9,641.2,-414.7,,,832.9,526.6,798.7,-4.9,-0.5,,,,,,,
2019/6/29,,,,490.2,,-9.5,-5.9,300.4,-17.5,-11.7,-106.9,-7,203,638,-419.8,,,830.5,524.3,795.8,-7.7,-3,,,,,,,
2019/6/30,,,,491.7,,-8.2,-4.8,301.6,-16,-10.3,-104.1,-5.8,203.1,639.8,-418.9,,,831.7,525.5,797.9,-6.3,-1.1,,,,,,,
2019/7/1,,,,490.4,,-9.5,-6.3,300.1,-17.5,-11.3,-104.3,-6.5,203.8,638.8,-419.1,,,831.3,524.1,796.7,-6.8,-2.6,,,,,,,
2019/7/2,,,,490,,-10.1,-7.2,300,-18.5,-10.7,-107.2,-6.1,199.7,638.6,-418.9,,,830,523.3,796.2,-8,-3.2,,,,,,,
2019/7/3,,,,491.3,,-9.5,-6.2,300.5,-17.5,-10.3,-105.5,-8.7,201.8,639.1,-419.1,,,831.2,524,797.3,-8.4,-2.7,,,,,,,
2019/7/4,,,,492.1,,-8,-5.4,301,-16.8,-9.9,-108.4,-6.8,200.9,639.2,-420.4,,,832.1,524.4,797.1,-8.4,-3.5,,,,,,,
2019/7/5,,,,491.4,,-9.5,-5.9,300.6,-17.4,-10.6,-108.4,-7.4,202.3,638.4,-420.5,,,831.1,523.6,796.2,-9.1,-3.9,,,,,,,
2019/7/6,,,,491.8,,-9.4,-5.9,301.1,-16.9,-10.3,-105.2,-6.2,203.5,639.2,-418.2,,,832.1,523.9,797.4,-7.8,-3,,,,,,,
2019/7/7,,,,490.3,,-3.3,-6.8,299.4,-18.3,-11.3,-106.1,-7.4,202.8,638.1,-420.8,,,832.7,523.2,797,-6.3,-3.7,,,,,,,
2019/7/8,,,,491.1,,3,-7.1,299.6,-18.4,-10.9,-104.3,-5.4,204.5,638.3,-420.9,,,834.7,522.6,797.1,-6.3,-4.4,,,,,,,
2019/7/9,,,,490.8,,3.2,-7.2,299.6,-18.3,-11.6,-106.7,-9.3,203.1,637.9,-423.2,,,833.8,522.1,797.2,-8.4,-4.4,,,,,,,
2019/7/10,,,,491,,3.9,-6.7,300.2,-18,-11.3,-107.2,-7.7,202.3,638.7,-423.6,,,833.9,522.6,798.6,-7.8,-3.4,,,,,,,
2019/7/11,,,,491.2,,3.5,-7.4,299.9,-18.2,-11.4,-106.9,-7.5,202.5,638.3,-422.7,,,834.7,522.5,798.6,-8.8,-3.2,,,,,,,
2019/7/12,,,,491,,2.9,-8,299.7,-18.6,-10.9,-105.8,-7.6,203.8,638.5,-422.1,,,836.5,522.5,798.3,-7,-3.5,,,,,,,
2019/7/13,,,,491.1,,2.3,-7.3,300.6,-18.1,-11.7,-107.5,-9,201.6,639.8,-424.7,,,835.5,522.6,799.3,-9.4,-4.1,,,,,,,
2019/7/14,,,,490.7,,2.1,-8.6,300.6,-18.9,-11.8,-107.7,-9.5,201.2,638.6,-425.1,,,834.8,521.5,798.4,-10.5,-5.3,,,,,,,
2019/7/15,,,,490.5,,1.6,-9,300.8,-19.1,-11.9,-108,-10.2,200.8,638.7,-425.9,,,834.8,521.2,798.3,-11.1,-6,,,,,,,
2019/7/16,,,,492.7,,4.5,-6,302.6,-16.2,-12.1,-108.3,-10.7,202.5,638.4,-426.8,,,837,523.3,799.3,-10.2,-5.1,,,,,,,
2019/7/17,,,,489.9,,1.1,-10,299.6,-20.8,-13.8,-109.2,-10.3,201,637.3,-428.1,,,836.6,521.9,799.1,-10.9,-6,,,,,,,
2019/7/18,,,,490.5,,1.6,-9.5,299.6,-20.4,-12.7,-109.1,-9.4,201.3,637.8,-429.9,,,837.2,522,799.2,-9.2,-5.5,,,,,,,
2019/7/19,,,,491.1,,2.1,-9.1,299.6,-20.1,-11.7,-109,-8.5,201.6,638.3,-431.8,,,837.7,522.1,799.2,-9,-5,,,,,,,
2019/7/20,,,,490.7,,1,-10.2,299.8,-20.8,-11.8,-110,-9.5,199.6,637.7,-429.8,,,836.6,521,799.4,-10.7,-7,,,,,,,
2019/7/21,,,,491.4,,1.6,-10.2,300.1,-20.7,-11.7,-108.3,-8.5,202.3,638.1,-428.9,,,838.8,522.2,800.5,-10.4,-5.3,,,,,,,
2019/7/22,,,,490.8,,0.7,-10.7,300.1,-21.3,-12.8,-108.9,-9.1,201.5,638.8,-428.8,,,839.9,522.4,801.4,-11,-5.5,,,,,,,
2019/7/23,,,,491.1,,0.8,-10.3,300.7,-21.1,-14.1,-113.9,-13.1,199.6,638.2,-434.2,,,837.6,521.2,800.2,-14.1,-6.8,,,,,,,
2019/7/24,,,,490.6,,0.2,-11.5,300.2,-22,-12.9,-111,-11,200.8,638.3,-431.1,,,839.3,521.3,800.5,-11.8,-6.2,,,,,,,
2019/7/25,,,,489.7,,-0.9,-12.2,299.1,-22.8,-12.8,-111.9,-9.3,199.9,638.7,-431.4,,,839.9,520.6,800.9,-11.2,-7.1,,,,,,,
2019/7/26,,,,490.2,,-0.4,-11.9,299.5,-22.5,-13,-111.3,-10.3,199.8,638.2,-431.1,,,839.9,520.6,800.7,-12,-7.2,,,,,,,
2019/7/27,,,,490.9,,0.8,-11.4,300,-22.1,-12.4,-110.6,-9.2,200.9,639.5,-430.2,,,841.3,521.5,802.6,-10.5,-6.3,,,,,,,
2019/7/28,,,,491,,0.6,-11.8,300.2,-22.4,-12.5,-111.1,-9.2,200.6,639.4,-430,,,841.7,521.2,802.7,-10.8,-6.7,,,,,,,
2019/7/29,,,,491.1,,0.3,-12.2,300.3,-22.8,-12.7,-111.7,-9.2,200.4,639.3,-429.9,,,842.1,520.9,802.8,-11,-7.2,,,,,,,
2019/7/30,,,,490.6,,0.4,-11.9,300.1,-22.6,-12.9,-113.1,-12.5,199.2,639.1,-433.2,,,841.2,521.2,802,-13.5,-7.8,,,,,,,
2019/7/31,,,,490.8,,-0.3,-12,300.2,-22.6,-13.8,-113.6,-11.4,199.7,639.1,-432.5,,,841.2,521.2,802.4,-13.6,-7.4,,,,,,,
2019/8/1,,,,490.3,,-1.1,-13.2,299.1,-23.9,-13.6,-113.8,-12.4,199.5,639.8,-433.2,,,841.3,520.5,802.3,-13.3,-8.6,,,,,,,
2019/8/2,,,,490,,-1.9,-14.1,298.7,-24.8,-13.5,-112.6,-11.4,199,639.2,-432.3,,,842.1,519.5,802.5,-13.6,-8.2,,,,,,,
2019/8/3,,,,490.3,,-1.5,-13.7,298.6,-24.4,-13.7,-113.1,-12.2,200.2,639.4,-432.8,,,841.8,520.3,802.2,-14.2,-9.2,,,,,,,
2019/8/4,,,,490.5,,-1.3,-13.5,299.2,-23.5,-13.5,-115.2,-13.2,199,639.1,-433.8,,,841.7,520.5,802.1,-15.3,-8.9,,,,,,,
2019/8/5,,,,491.1,,-0.8,-13.1,299.6,-24,-13.4,-114.5,-11.6,198.9,640.6,-432.9,,,842.9,521.2,802.1,-12.8,-8,,,,,,,
2019/8/6,,,,491.4,,-0.6,-12.7,300.1,-23.6,-13.4,-114.8,-12.6,198.7,640.7,-433,,,842.9,520.9,802,-13.7,-8.7,,,,,,,
2019/8/7,,,,491.2,,-0.7,-13.3,299.9,-23.8,-13.3,-113,-10.5,199.6,640.6,-431.3,,,844.5,521.3,801.9,-12.8,-7.8,,,,,,,
2019/8/8,,,,490.7,,-1.6,-14,299.3,-24.4,-13.9,-116.4,-15,198.1,639.9,-435.4,,,842.2,519.9,802,-16,-9.4,,,,,,,
2019/8/9,,,,492.2,,0.3,-12,300.7,-23,-13.2,-113.3,-10.2,200.8,641.6,-431.8,,,845.6,522.2,805.5,-13,-7.4,,,,,,,
2019/8/10,,,,491.6,,-0.7,-13.4,300.3,-23.6,-13.6,-115.6,-12.9,199.2,641.9,-434.4,,,844.5,520.9,806.4,-15.2,-8.6,,,,,,,
2019/8/11,,,,492,,-0.2,-12.9,300.7,-23.2,-13.5,-116.5,-14.3,198.3,642.3,-434,,,844.4,519.5,807.5,-16.1,-9.1,,,,,,,
2019/8/12,,,,490.7,,-2.4,-15.3,298.7,-25.7,-14.1,-116.3,-12.6,198.3,640.1,-431.6,,,844.3,519.5,808.9,-15.1,-9.3,,,,,,,
2019/8/13,,,,492,,-0.7,-12.6,300.4,-24,-15.7,-118.4,-16.7,197.5,640.1,-437.2,,,842.7,519.4,810.7,-19.6,-9.6,,,,,,,
2019/8/14,,,,489.8,,-3.4,-15.9,297.9,-24.2,-14.6,-116.3,-14.7,197.8,640.6,-433.8,,,844.2,518.5,812,-17.4,-10.9,,,,,,,
2019/8/15,,,,490.6,,-1.7,-14.4,300.1,-25.3,-16.4,-118.8,-15.1,197.8,640.1,-436.2,,,843,518.8,813.5,-18.4,-11,,,,,,,
2019/8/16,,,,490.6,,-0.5,-15.5,299.5,-25.1,-14.6,-117.3,-15.6,198.3,642.2,-434.2,,,845,519.4,815.1,-17.2,-9.8,,,,,,,
2019/8/17,,,,493.3,,3.1,-12.4,301.8,-23.9,-13.4,-117.9,-16.4,198,641.7,-435.8,,,844.8,519.6,817.5,-17.7,-9.4,,,,,,,
2019/8/18,,,,490.1,,-1.3,-16.6,299.1,-27.2,-14.5,-117.7,-16,197.7,639.5,-435.6,,,844,518.4,818.6,-19.9,-11.3,,,,,,,
2019/8/19,,,,491.3,,0,-15.4,300.1,-26.4,-14.1,-120.4,-15.6,197,640.8,-435.7,,,844.4,519.6,817,-20.9,-9.8,,,,,,,
2019/8/20,,,,492.3,,1.2,-14.2,301.1,-24.9,-13.5,-116.7,-14.2,199,640.4,-433.5,,,847.1,520.8,817.7,-17.2,-8.2,,,,,,,
2019/8/21,,,,492,,0.6,-14.9,300.8,-25.6,-14.2,-116.5,-13.4,199,640,-433.5,,,847.5,520.5,819,-17.1,-8.2,,,,,,,
2019/8/22,,,,492.8,,1.4,-14,301.5,-24.7,-13.7,-115.4,-13,199.5,642.5,-432.4,,,848.4,520.8,817.7,-16.6,-8.6,,,,,,,
2019/8/23,,,,492.8,,1.5,-14.4,301.5,-24.6,-14,-116.9,-14.9,198.5,644.2,-434,,,848,520.7,815.4,-17.3,-8.1,,,,,,,
2019/8/24,,,,491.5,,-0.4,-15.8,300.2,-26.1,-15.1,-117.4,-14.6,198.4,642.1,-433.9,,,847.4,519.3,813.3,-18.8,-10.2,,,,,,,
2019/8/25,,,,491.5,,-0.7,-16,299.7,-27,-14.7,-118.3,-16.1,197.4,641.9,-434.9,,,846.9,519,809.8,-20.3,-10.2,,,,,,,
2019/8/26,,,,492.8,,0.6,-14.6,301.4,-25.7,-14.7,-118.7,-15.7,197.9,642.3,-435.5,,,847.4,519.7,806.9,-20.3,-9.6,,,,,,,
2019/8/27,,,,492.8,,0.6,-14.5,301,-25.8,-14.5,-117.5,-14.3,199.1,642.9,-432.7,,,849.1,520.5,808.1,-19.4,-8.7,,,,,,,
2019/8/28,,,,491.5,,-1.1,-16.6,299.7,-27.5,-15,-119.7,-16.8,197.3,642.1,-436,,,847.7,518.8,806.8,-21.9,-10,,,,,,,
2019/8/29,,,,492.5,,0.7,-15.2,300.9,-26.1,-14.9,-118.7,-15.5,197.9,643.7,-434.8,,,848.9,520.6,808.6,-20.6,-8.9,,,,,,,
2019/8/30,,,,493.1,,0.7,-14.6,300.6,-25.7,-14.4,-118.1,-15,197.9,643.4,-433.7,,,850,520.3,808,-19.7,-9,,,,,,,
2019/8/31,,,,492.9,,0.9,-15.1,300.5,-25.3,-13.8,-120,-15.4,197,643.4,-435.6,,,848.7,519.4,807.5,-21.4,-10.3,,,,,,,
2019/9/1,,,,492.7,,0,-15.6,300.4,-26.2,-14.5,-123.2,-17.1,194.8,642.1,-437.5,,,846.1,518.5,807,-23.1,-11.6,,,,,,,
2019/9/2,,,,492.1,,-0.7,-16.2,300.1,-26.8,-15,-122.1,-16.1,195.6,642.9,-436.5,,,847.6,519.1,807.6,-22.2,-10.7,,,,,,,
2019/9/3,,,,490.5,,-2.3,-18.5,298.8,-29.2,-16.9,-121.6,-17.5,196.4,642.2,-436.7,,,848,518.4,806.5,-23.8,-12,,,,,,,
2019/9/4,,,,493.3,,-0.1,-15.9,300.7,-26.6,-14.8,-119.7,-17.2,197.4,643.5,-434.9,,,850.6,519.8,808.6,-22.9,-9.9,,,,,,,
2019/9/5,,,,493.6,,1.1,-15.1,301.3,-25.8,-14.9,-117,-14.6,199.9,643.7,-431.8,,,852.8,521,808.8,-19.6,-9.4,,,,,,,
2019/9/6,,,,493.4,,0.6,-15.7,301.2,-26.2,-15.1,-118.4,-15.3,199.3,644.1,-433.6,,,852.6,520.6,809.2,-21.2,-9.6,,,,,,,
2019/9/7,,,,493.5,,0.4,-16.1,301.3,-26.6,-15.2,-118.3,-14.4,198.8,644.6,-433.7,,,853.2,520.9,810.1,-20.8,-8.3,,,,,,,
2019/9/8,,,,494,,1.4,-14.3,301.7,-25.1,-15,-118.3,-13.7,199.1,644.6,-432.7,,,853.6,521.1,810.3,-20,-8.9,,,,,,,
2019/9/9,,,,493.5,,0.3,-16.2,301.2,-26.5,-15.2,-118.3,-14.7,199.1,644.9,-433.3,,,852.7,520.7,810,-21.3,-9.2,,,,,,,
2019/9/10,,,,493.6,,0.3,-16,301.9,-26.3,-15.1,-118.4,-14.8,199.7,645,-433.5,,,853.3,521.1,810.1,-21.6,-8.3,,,,,,,
2019/9/11,,,,494.8,,1.6,-14.6,302.7,-25.5,-14.8,-117.7,-12.9,200.3,645.2,-432.3,,,854.4,521.6,810.4,-20.7,-8.7,,,,,,,
2019/9/12,,,,495,,0.8,-14.8,302.7,-25.4,-14.5,-117.4,-13.2,201,645.9,-432,,,855.7,522.2,811.4,-22.2,-7.6,,,,,,,
2019/9/13,,,,494.2,,0.6,-15.8,302,-26.5,-14.6,-118.2,-13.6,200.1,645.8,-432.2,,,855.2,521.9,810.6,-19.1,-9,,,,,,,
2019/9/14,,,,495,,1.1,-15,302.6,-25.5,-14.4,-118.8,-13.2,200.1,646.4,-432.3,,,855.1,522.5,811.3,-20.3,-8.9,,,,,,,
2019/9/15,,,,494.2,,0.4,-16.2,302.1,-26.4,-14.8,-116.8,-11.6,201,646.3,-430.4,,,857,522.1,811.6,-17.9,-8.3,,,,,,,
2019/9/16,,,,494.3,,0.3,-16.1,301.7,-26.3,-15.1,-116.6,-10.1,201.8,646.5,-429.8,,,857.9,522.8,812,-18.2,-7.9,,,,,,,
2019/9/17,,,,494.1,,-0.2,-16,301.9,-26.6,-15.3,-119.6,-14.1,199.3,646.2,-433.5,,,855.5,521.5,811.5,-22.2,-9.2,,,,,,,
2019/9/18,,,,496.1,,2.4,-13.4,303.4,-24.5,-14.7,-118,-13.8,200.7,647.4,-431,,,857.5,523.3,813.9,-20.8,-7.4,,,,,,,
2019/9/19,,,,495.3,,1.1,-14.7,303,-25.4,-14.8,-118.6,-15,200.4,647.3,-431.3,,,856.9,522.7,812.9,-20.3,-9.2,,,,,,,
2019/9/20,,,,496.6,,2.7,-13,304.2,-23.8,-14.5,-120.6,-14.4,199.7,647.9,-433.8,,,856.4,523.5,813.4,-21,-7.4,,,,,,,
2019/9/21,,,,495.9,,1.3,-14,303.2,-25.1,-14.9,-120,-13.7,201.3,647.9,-432.4,,,857.3,523.9,813.2,-20.6,-8.9,,,,,,,
2019/9/22,,,,498.6,,3.8,-11.6,305.7,-22.7,-12.4,-116.8,-11.1,203.7,650.7,-429.1,,,861.1,526.5,816.3,-17.7,-5.8,,,,,,,
2019/9/23,,,,501.2,,6.3,-9.6,308.5,-20.6,-9.3,-113.1,-8.5,206.6,653.2,-426.1,,,864,528.9,819,-14.8,-3,,,,,,,
2019/9/24,,,,501.5,,7.1,-8.5,309.1,-19.4,-9.9,-115.7,-9.1,206,654,-426.9,,,863.5,529.5,819.4,-15.4,-3.1,,,,,,,
2019/9/25,,,,501.7,,6.4,-8.3,309.3,-19.1,-9.8,-112.4,-7.1,207.2,654.3,-423.9,,,864.5,529.7,820,-12.3,-2.6,,,,,,,
2019/9/26,,,,501.2,,6.2,-9.2,308.5,-20.3,-9.6,-112.1,-7.2,209,654.6,-424.7,,,866,530.4,819.9,-13.3,-2.3,,,,,,,
2019/9/27,,,,501.2,,7,-9.1,308.8,-20.3,-10.3,-114.8,-10,205.3,653.2,-428.5,,,863.3,529.4,819,-15.3,-3.3,,,,,,,
2019/9/28,,,,502.2,,7,-8.9,308.9,-20.3,-8.9,-113,-7.3,207.7,654.3,-426.9,,,865,529.9,820.1,-14.3,-2.9,,,,,,,
2019/9/29,,,,500.9,,5.7,-10.3,309,-20.9,-9.8,-114,-10.1,207.3,654.6,-426.9,,,863.8,529,819.2,-14.7,-4.4,,,,,,,
2019/9/30,,,,503,,7.5,-8.3,310.2,-19.3,-9.4,-112,-6.2,208.4,655.8,-424.9,,,867,530.8,821.3,-13.5,-2.6,,,,,,,
2019/10/1,,,,502.9,,7.8,-8,310.1,-19.4,-8.3,-112.7,-7.2,208.3,655,-426.1,,,866,530.1,820.6,-13.9,-2.1,,,,,,,
2019/10/2,,,,502.8,,7.9,-8.5,310.4,-19.4,-9.1,-113.7,-9.1,207.4,655.5,-426.4,,,866.3,530.4,821.8,-14.3,-1,,,,,,,
2019/10/3,,,,503,,7.1,-8.1,309.7,-20,-8.9,-112.5,-6.9,209.5,655.9,-426.3,,,867.1,529.7,820.6,-13.4,-2.1,,,,,,,
2019/10/4,,,,502.3,,6.5,-9.9,309.2,-20.9,-9.2,-112.7,-8,209,655,-426,,,865.3,529.9,820.1,-14.2,-4.3,,,,,,,
2019/10/5,,,,502.9,,7.4,-8.9,309.8,-19.6,-9.1,-111.3,-5.4,210.9,656,-423.7,,,867.7,531,821.4,-11.5,-1.9,,,,,,,
2019/10/6,,,,502.7,,6.9,-9.2,310,-20.4,-9.5,-113.3,-8.7,208.8,655.2,-426.5,,,865.6,531,821,-14.6,-2.5,,,,,,,
2019/10/7,,,,503.9,,8.4,-7.9,310.5,-19.1,-8.3,-113.6,-7.7,209.1,656.4,-426.2,,,867.3,530.5,821.9,-13.6,-1.5,,,,,,,
2019/10/8,,,,503.1,,7.4,-9,309.6,-20.3,-9.3,-116.5,-7.6,207.3,656.8,-426.9,,,865.2,530.5,821.8,-13.1,-1.9,,,,,,,
2019/10/9,,,,502.8,,6.5,-9.1,310,-20.3,-9.7,-116.1,-6.3,207.8,656.3,-426.2,,,868.2,530.9,822,-12.5,-3.1,,,,,,,
2019/10/10,,,,503.3,,7.7,-8.9,310,-20.3,-9.5,-112.3,-6.9,211.2,656.7,-425,,,869,531.6,822.7,-11,-3.7,,,,,,,
2019/10/11,,,,503.2,,7.8,-8.7,309.7,-20.2,-9.9,-113.8,-10.1,211.3,656.7,-427.1,,,866.7,532.1,822.4,-12.8,-3.5,,,,,,,
2019/10/12,,,,504.4,,8.4,-7.5,310.9,-19,-8.8,-113.4,-8.1,211.1,657.9,-427.6,,,869.9,533.2,824,-11.6,-1,,,,,,,
2019/10/13,,,,502.7,,6.3,-9.3,309.7,-20.8,-9.7,-116.8,-8.6,209,656.4,-427.6,,,865.9,531,822.2,-13.2,-3.9,,,,,,,
2019/10/14,,,,503.6,,7.2,-8.8,309.9,-20.6,-9.5,-113.8,-9.7,212,656.7,-427.3,,,869.2,532.1,823.3,-12.8,-1.8,,,,,,,
2019/10/15,,,,503.4,,6.9,-9.8,309.5,-21.3,-9.9,-113.7,-12.2,210.7,657.5,-427.9,,,867.6,532.1,823.8,-15,-3,,,,,,,
2019/10/16,,,,503.2,,6.5,-9.9,309.8,-21.2,-10.2,-113.5,-11.8,211.2,658.2,-426.9,,,868.5,532.8,823.9,-14.5,-2.4,,,,,,,
2019/10/17,,,,503.4,,6.6,-9.6,309.9,-21.1,-10,-113.2,-11.6,211.8,658.1,-427.1,,,868.8,533,823.7,-14.5,-2.8,,,,,,,
2019/10/18,,,,503.7,,6.8,-9.3,310,-20.9,-9.9,-113,-11.3,212.4,657.9,-427.4,,,869.1,533.2,823.5,-14.6,-3.2,,,,,,,
2019/10/19,,,,506,,10,-6.1,313,-17.5,-8.8,-111.9,-14.4,213.3,659.5,-424.5,,,871.4,535.5,826.8,-13.3,-0.4,,,,,,,
2019/10/20,,,,505.2,,7.4,-8.4,311.3,-20,-9,-113,-13.4,212.2,658.8,-426.8,,,869.3,533.6,825.3,-15.3,-2.6,,,,,,,
2019/10/21,,,,505.6,,8,-8,311.1,-19.7,-9.3,-111.9,-13.9,213.1,659.7,-425.8,,,869.7,534.7,825.9,-14.6,-1.8,,,,,,,
2019/10/22,,,,505.3,,7.5,-8.5,311.4,-20.2,-9.7,-113.2,-11.8,212.9,659.7,-427.4,,,870.5,534.4,826.3,-14.4,-1.3,,,,,,,
2019/10/23,,,,505.7,,8.1,-8.1,311.4,-19.6,-9.2,-111.6,-10,214.1,660.4,-425.2,,,871.1,534.5,827,-13.5,-2,,,,,,,
2019/10/24,,,,506.3,,8.7,-7.7,312.2,-19.4,-8.7,-111.9,-10.3,213.3,660.5,-426.8,,,871.5,533.9,827,-13.8,-1.7,,,0,0,0,0,0
2019/10/25,,,,506.3,,7.7,-7.9,312.1,-19.4,-9.2,-112.6,-11.1,214,660.7,-426.5,,,871.1,535.3,827.4,-14.5,-2.4,,,0.5,-0.5,3.5,-1.8,-1
2019/10/26,,,,507.3,,9.3,-7.4,312.2,-19.3,-8.7,-112.7,-11.9,213.4,660.5,-426.2,,,869.5,534.5,826.8,-16.4,-2,,,0.6,0.4,2.6,-2.4,0.2
2019/10/27,,,,506.4,,8.2,-8.4,311.9,-20,-9.6,-112.9,-12.6,213.3,660.5,-426,,,870.2,534.3,827.1,-16.4,-2,,,-0.9,-0.5,2.6,-0.6,1.8
2019/10/28,,,,505.8,,7.4,-8.4,311.2,-20.7,-10,-113,-13,213.2,660.4,-425.8,,,871.3,534.4,827.1,-14.5,-1.9,,,-0.3,0.3,1.9,-0.3,2.8
2019/10/29,,,,506.4,,7.8,-8.8,311.3,-20.3,-9.3,-113.8,-11.3,212.2,659.9,-427.3,,,873.8,534.1,826.2,-11,-2.2,,,0.4,0.4,1.9,1.2,0.2
2019/10/30,,,,505.3,,6.1,-9.8,310.7,-21.4,-10.7,-114.7,-9.3,212.2,660,-428.2,,,872.8,533.5,827,-12.8,-3.4,,,1,0.7,3.5,-0.7,0.9
2019/10/31,,,,506.3,,7.7,-8.8,311.6,-20.4,-9.7,-114.9,-12.6,212.5,660.6,-427.9,,,871.4,534.4,827.2,-15.5,-3.2,,,-1,2.4,0.9,-1.3,1.3
2019/11/1,,,,506.9,,7.2,-8.8,311.9,-20.5,-9.7,-113.6,-7.8,213.4,660.3,-427.9,,,874.1,534.8,827.3,-12.1,-2.6,,,1.6,1.7,1.1,-0.4,1.9
2019/11/2,,,,506.5,,7.2,-8.9,311.9,-20.4,-10.6,-115.3,-10.5,212,660.6,-429.1,,,870.9,534.6,827.8,-16.5,-3.3,,,-0.7,0.5,0.6,2.4,-0.1
2019/11/3,,,,506.2,,7.2,-8.6,311.5,-20.4,-11.6,-114.9,-13.1,210.3,659.3,-431.3,,,869.6,534.4,826.3,-17.5,-4.9,,,0.2,2.3,2.7,-1,0.2
2019/11/4,,,,505.8,,6.2,-9.6,311,-21.6,-10.7,-114.6,-15.9,211.6,660.9,-428.8,,,871.7,534.6,827.6,-16.1,-4.2,,,1.3,2.3,3.5,-1.9,0.2
2019/11/5,,,,506.2,,6.5,-10,311.3,-21.5,-10.1,-116.6,-18.2,209.9,661.8,-429.8,,,870.7,534.4,828.3,-17.4,-4.3,,,0.7,2.4,3.6,0.2,-2.3
2019/11/6,,,,507.2,,7.8,-9.6,311.9,-20.9,-9.6,-116.4,-18,211,662.1,-428.9,,,872.1,536,829,-17.4,-2.8,,,1.6,4,0.7,1.2,-2.1
2019/11/7,,,,506.6,,6.5,-9.5,311.7,-21.5,-10,-118,-18.3,209.8,661.4,-430.3,,,871.5,535.3,827.8,-18.7,-5.3,,,0.6,3.6,2.2,1.4,-2.6
2019/11/8,,,,505.2,,5.3,-12.3,309.8,-24,-12.5,-120.1,-19.9,207.1,659.9,-431.9,,,870,533.8,826.8,-18.8,-5.8,,,-0.8,0.6,0.2,-0.9,-2.2
2019/11/9,,,,506,,6.5,-11.1,310.7,-22.6,-11.4,-115.8,-19.7,209.6,660.4,-429.9,,,871,533.3,827.5,-19.6,-5.6,,,-0.7,3.1,1.7,-1.1,-4
2019/11/10,,,,506.3,,6.5,-11.7,310.7,-23.2,-11.6,-115.8,-22.5,211.4,660.7,-428.8,,,868.9,534.1,826.9,-21.6,-6.8,,,0.4,2.3,1.5,-0.7,-0.7
2019/11/11,,,,506.4,,5.7,-11,310.8,-22.5,-11.9,-117.6,-19.5,210.7,660.3,-430.8,,,871,534.4,827.7,-19.5,-6.8,,,1.6,2.6,1.3,-2.6,-2.2
2019/11/12,,,,506,,5.2,-11.1,310.6,-23.1,-12,-117.2,-19,211.1,660.2,-430.5,,,871,533.3,827.6,-20.3,-6.2,,,1.2,3.6,1.4,-0.7,-1.8
2019/11/13,,,,505.9,,4.9,-11.2,310.7,-22.9,-11.6,-118.7,-20,211.3,660.1,-430.9,,,874.2,534.7,827.9,-20.2,-5.3,,,1.1,1.8,1.6,-0.9,-2.6
2019/11/14,,,,506.4,,5.5,-12.2,310.5,-23.3,-11.8,-115.7,-19.7,211.8,661.7,-429.4,,,871.6,535.1,828.5,-19.5,-5.3,,,-0.3,3.4,0,0.4,-1
2019/11/15,,,,506.2,,4.6,-11.7,310.1,-23.8,-12.2,-116.9,-16.3,211.6,661.1,-430.6,,,873.2,534.2,828.2,-17.9,-5.8,,,1.4,4.4,-1.4,-0.4,-0.9
2019/11/16,,,,506.3,,4.5,-12.8,310,-24.1,-12,-116.7,-17.4,210.3,661.3,-429.5,,,872.1,534.5,828.3,-19.4,-6.4,,,1.6,3,-0.6,-0.4,-1.4
2019/11/17,,,,506.6,,5.6,-12.3,310.6,-23.8,-12.5,-117,-14.9,207.9,661.6,-428.7,,,870.7,535.1,828.7,-20.5,-6,,,1.9,3.3,0.9,0,-0.9
2019/11/18,,,,507.4,,6,-10.7,310.7,-22.9,-11.9,-118.9,-12.3,210.4,662.2,-431,,,873.4,534.6,829.9,-16,-5.2,,,0.9,4.2,1.2,2.2,-0.2
2019/11/19,,,,505.8,,4.5,-13,310.1,-24.3,-13.7,-122,-13.2,208.1,660.8,-431.2,,,872.5,534.1,828.9,-15.8,-6.1,,,0.7,5.3,0.2,0.1,-2
2019/11/20,,,,507,,5.9,-10.6,311.1,-22.8,-12.1,-118.1,-12.8,211.5,661.7,-428.2,,,875.1,536.7,829.3,-15.6,-5.3,,,2,4.7,0.3,-0.6,-0.3
2019/11/21,,,,507.7,,4.9,-11,311,-22.9,-11.9,-117.6,-9.8,212.3,661.9,-429.7,,,875.6,535.1,830.1,-14.5,-5.8,,,1.1,2.8,1,1.1,-0.1
2019/11/22,,,,506.9,,4.9,-12.3,310.3,-23.9,-12.1,-117.5,-12.3,208.4,661.2,-436.9,,,871.7,534.3,829,-16.2,-6.5,,,1.3,3.9,0.5,1.4,0.1
2019/11/23,,,,507.6,,5.1,-11.3,311.1,-23,-11.8,-118.2,-11.4,211.4,662.5,-430.1,,,876.2,535.5,829.9,-15.2,-5.4,,,2.2,6.1,0.8,1.4,-0.1
2019/11/24,,,,507.7,,5.5,-11.3,310.3,-24,-12.1,-118.2,-13.6,212.5,662.9,-429,,,876.9,536.1,830.9,-12.9,-5,,,3,4.5,1.4,1.9,0.4
2019/11/25,,,,508,,5.6,-10.6,311.2,-23.2,-11.9,-119.9,-15.4,211.3,662.4,-432.6,,,877.8,535.5,830.2,-16.1,-4.7,,,2.3,6.6,0.6,1.2,0
2019/11/26,,,,506.5,,5.9,-11.7,311.3,-23.4,-12.1,-115.4,-12.1,211.3,663.7,-427.6,,,878,536.9,831.2,-18.6,-5.3,,,2,4,1,2.1,1.4
2019/11/27,,,,507.5,,4.7,-13.3,310.5,-24.6,-12.6,-117.3,-10.9,213.3,662.6,-428.2,,,878.5,535.8,830.7,-19.3,-5.4,,,1.1,5.8,1.2,1.2,-0.6
2019/11/28,,,,507.4,,5.8,-11.7,311.6,-23.3,-12.2,-116.3,-15.7,210.7,664,-428.9,,,873.3,537.6,830.9,-21.3,-6,,,1.1,4.3,0.3,2.4,0.7
2019/11/29,,,,508.2,,5.6,-12.9,310.8,-24.3,-12.4,-116.2,-19.8,214.2,663.5,-428.4,,,874.7,537.2,831.7,-21.2,-6.7,,,0.9,4,-0.7,2.1,-1.7
2019/11/30,,,,507.9,,5.1,-12.4,310.8,-24.3,-12.5,-120.2,-19.9,209.2,663.3,-429.6,,,873.1,536.4,830.6,-21,-6.2,,,1.9,4.5,-0.4,-0.8,-0.4
2019/12/1,,,,507.8,,4.8,-11.8,310.9,-23.8,-11.9,-118.4,-17.2,210.9,663.4,-430.6,,,873.2,535.7,831.8,-20.7,-7,,,1.8,4.3,0.6,0,-1.1
2019/12/2,,,,508.3,,5.3,-11.4,311,-23.7,-11.8,-117.4,-20,212.8,664,-428.7,,,873.8,536.1,831.5,-20.9,-6.7,,,1.1,4.4,0.8,1.4,-1.1
2019/12/3,,,,508.5,,4.5,-11.9,310.9,-24,-12.2,-118.8,-19.7,211.3,663.5,-431,,,873.4,536.3,831.7,-21.5,-7.2,,,1.9,3.9,0.6,0.3,0.4
2019/12/4,,,,508.9,,5.4,-11.5,311.1,-24.1,-11.7,-117.2,-19.1,213.3,664.1,-429.3,,,873.9,536.5,831.9,-22.3,-6.8,,,1.8,3.1,-0.7,2.3,-0.8
2019/12/5,,,,509.2,,5.4,-11.2,311.7,-23.3,-11.8,-117,-17.4,213.3,664.4,-428.7,,,876.5,537.5,832.1,-19.4,-5.9,,,2.3,4.5,-0.3,2.3,-0.6
2019/12/6,,,,509,,5.3,-12.9,311.3,-24.5,-12,-116.6,-21.7,212.2,664.3,-428.5,,,874.8,538.1,832.3,-21.2,-7.3,,,3,4.8,-1.3,2.6,-0.1
2019/12/7,,,,507.9,,3.8,-14.3,310.5,-25.7,-12.6,-118,-19.1,209.5,664.1,-429.3,,,874.8,537,831.9,-21.4,-7.3,,,1.6,3.9,-0.4,2.7,0.3
2019/12/8,,,,508.5,,4.7,-13.3,311.6,-25,-12.1,-118.7,-19.4,210.9,664.4,-429.2,,,874.8,536.6,832,-20.9,-7.6,,,2.9,5.4,-1.5,1,-0.5
2019/12/9,,,,509.6,,5.6,-11.5,312.6,-23.4,-11,-116.9,-18.9,213.2,664.9,-427.7,,,876,538.3,832.5,-20.4,-7.3,,,2.9,4.5,-0.1,2.4,-0.1
2019/12/10,,,,509,,5,-13.1,312.4,-24.6,-12.2,-119.1,-19.3,210.7,665.4,-430.1,,,875,538.6,833.3,-21.1,-6.5,,,2.4,5.5,-0.5,2.9,0.3
2019/12/11,,,,509.2,,4.3,-12.5,312.3,-24.3,-12.2,-117.9,-16.4,213.1,665.2,-428.4,,,877,537.3,832.7,-19.4,-6.7,,,2.7,6.5,-1.8,1.5,0.2
2019/12/12,,,,509.9,,5.1,-11.5,313.1,-23.1,-11.8,-116.7,-17.4,214.2,666.2,-428,,,876.8,538.5,833.8,-20.3,-6,,,4,5.5,-0.5,3.7,0.1
2019/12/13,,,,509.8,,5.6,-11.9,313,-23.6,-11.1,-117.4,-17.8,212.7,665.7,-428.1,,,876.4,538.4,833.4,-19.7,-6.3,,,3.5,6.1,-0.2,2.7,0.7
2019/12/14,,,,509.1,,4.7,-13.4,312.1,-25.3,-12.5,-118.9,-21.9,210.6,665.7,-427.9,,,873.2,538.8,833.3,-21.7,-6.7,,,4.1,6.1,-0.2,2,-0.3
2019/12/15,,,,510.1,,5.6,-11.6,313.4,-23.3,-11.2,-117,-21.1,213.4,666.4,-427.4,,,876.6,539,834,-19.6,-5.7,,,4.3,6.8,0.1,3.2,0.9
2019/12/16,,,,509.6,,3.9,-12.3,312.5,-24.2,-11.6,-117.1,-21.5,213.4,665.9,-427.9,,,878.3,539.6,834.6,-19.3,-6.4,,,2.9,4.9,0.5,1.5,0.3
2019/12/17,,,,510.2,,5.2,-12.7,312.7,-24.4,-12.3,-119.6,-21.9,212.8,666.6,-428.8,,,875.8,539.4,834.7,-21.3,-5.9,,,4.9,8.1,1.7,2.4,1.4
2019/12/18,,,,510.8,,5.6,-11.4,313.3,-23.6,-12.1,-117,-17.5,214.4,666.7,-427,,,878.6,540,835.5,-18.7,-5.4,,,3.8,6.8,1.6,3.4,1.9
2019/12/19,,,,511.3,,6.2,-10.9,313.8,-23.2,-11.3,-116.5,-17.4,215.2,667,-426.5,,,878.1,539.7,835.6,-19.7,-5.8,,,5,7.2,2.2,3.2,1.9
2019/12/20,,,,511.4,,5.8,-10.6,313.9,-22.7,-11.4,-117,-17.4,214.7,667,-426.6,,,879.8,540.9,835.6,-19.3,-5.9,,,3.2,9.3,0.5,4.5,2
2019/12/21,,,,510.9,,5.3,-12.4,313.1,-24.1,-12,-117.5,-20.4,213.9,666.6,-427.8,,,876.7,540.5,834.7,-21.8,-6.7,,,4.4,6.1,1.8,4.3,1.6
2019/12/22,,,,511,,4.9,-11.4,313.4,-23.3,-11.8,-118.2,-19.7,213.7,666.6,-427.7,,,877.9,539.6,835.3,-21,-6.3,,,4.2,6.6,1.7,4.7,1.5
2019/12/23,,,,511.1,,4.7,-12,312.9,-24.4,-11.3,-117.5,-19.4,213.6,667.3,-427.3,,,878,539.7,835.2,-20.6,-6.6,,,4.5,9.9,0.8,5,1.4
2019/12/24,,,,510.3,,4.7,-12.8,313.1,-24.9,-11.3,-116.7,-19.5,216.3,667.5,-424.4,,,878.4,541,835,-19.9,-5.1,,,4.2,7.3,1.3,6,2.7
2019/12/25,,,,510.8,,4.2,-12.4,313.3,-24.7,-11.6,-114.7,-19.8,218.4,668.6,-427.1,,,878.3,542.2,837.5,-19.4,-3.4,,,7,9.3,0.6,4.5,1.2
2019/12/26,,,,511.1,,4.7,-12,313.3,-24.5,-12,-117.9,-19.1,214.3,667.4,-427.6,,,878.5,540.9,835.8,-21.2,-6.5,,,4.9,5.5,1.1,4.6,0.6
2019/12/27,,,,510.9,,4.2,-12.5,313.3,-24.6,-12,-118.3,-18.9,213.7,667.3,-428.3,,,877.6,541.2,835.9,-21.3,-7.1,,,4.7,6.6,0.4,3.4,2.1
2019/12/28,,,,511.1,,4.1,-14.1,313.3,-25.6,-12.3,-117.3,-20.2,214.2,667.1,-428.2,,,876.9,540.6,835,-23.6,-8.4,,,5,8,-1.5,1.9,0.1
2019/12/29,,,,510.6,,4.3,-13.8,313.4,-25.9,-11.9,-121,-19.5,211.6,668.1,-431.8,,,876.5,541.9,835.8,-21.4,-6.8,,,4.9,7.4,-1.9,4.8,0.2
2019/12/30,,,,510.9,,3.9,-14.4,313.4,-25.7,-12.3,-119.5,-19.8,211.9,668.2,-430.4,,,878.2,541.2,836.1,-21.5,-7.6,,,5.8,8.7,-0.4,3.7,1.6
2019/12/31,,,,510.9,,2.9,-13.7,313.5,-25.9,-11.2,-122,-20.1,210.4,668.2,-435.6,,,875.9,541.6,836.3,-22,-7.2,,,5.6,8.2,-0.5,4.8,0
2020/1/1,,,,511.4,,4.3,-13.3,314.1,-25.2,-11.2,-120.2,-15.2,211.9,668.8,-432,,,879.5,542.2,836.7,-19,-6.6,,,6.1,8.7,-0.3,5.1,1.2
2020/1/2,,,,512.3,,3.9,-13.1,314.1,-25.2,-11.7,-118.1,-10.4,210.9,669.7,-426.8,,,883.5,542.1,837.7,-16,-5.7,,,6.9,10.1,0.2,4.4,-0.4
2020/1/3,,,,512.1,,4,-13.4,314.4,-25.4,-11.4,-118.5,-8.5,213.1,670.8,-424.9,,,885.1,543.6,839.2,-13.7,-4.9,,,7.6,9.3,1.2,6.4,0.1
2020/1/4,,,,512.1,,5.4,-12.9,315.2,-24.7,-12.1,-119.9,-10.9,212.2,669.7,-424.9,,,885.1,542.6,838.2,-15.4,-5.7,,,6.4,8.5,-0.9,4.7,-1.3
2020/1/5,,,,512.4,,3.5,-13.5,314.6,-25.5,-11.3,-117.2,-12.5,216,669.8,-425.4,,,885.2,543,838.4,-15.1,-6.4,,,8,10.5,-1.4,4.2,-2.7
2020/1/6,,,,513.1,,4.5,-12.3,315.5,-24.9,-11.7,-119.9,-13.9,213.7,670.8,-428.7,,,882.5,543.2,838.4,-18.1,-5.2,,,7.8,10.7,-0.7,5.9,0.6
2020/1/7,,,,514,,4,-12.6,313.6,-27.4,-11.8,-121.2,-12.4,213.7,671,-429.4,,,882.6,543.3,838.5,-17.6,-5.9,,,8.1,10.5,-1.1,4.2,1.4
2020/1/8,,,,512.8,,3.6,-13.4,311.8,-26.3,-11.9,-123.3,-11.3,213.5,671,-430.1,,,882.6,543.6,838.5,-17.2,-6.9,,,8.3,10.5,-1.6,4.5,1.2
2020/1/9,,,,512.9,,4.2,-13.2,312,-26,-12.3,-125.3,-12.9,213.7,670.7,-429.8,,,881,543.5,838.5,-18.7,-6.7,,,6.3,10.4,-2.4,4.1,1.5
2020/1/10,,,,512.6,,3.7,-14,311.7,-26.3,-12.7,-125.4,-15.1,211.2,670.6,-432.1,,,880.8,542.7,838.2,-18.8,-7.7,,,7,9.7,-2.4,5.7,1.7
2020/1/11,,,,512.7,,3.1,-14,311.8,-26.3,-12.6,-125.4,-12.5,213.8,671.3,-431,,,882.5,543.6,838.8,-17.2,-7.2,,,7.5,11.1,-2.7,4,0.5
2020/1/12,,,,513.2,,3.7,-13.5,312.3,-26,-12.3,-125.8,-14.5,212.2,670.9,-431.7,,,881.4,543.2,838.5,-18.6,-7.9,,,7.8,9.2,-2,5.4,1.4
2020/1/13,,,,512.6,,2.6,-14.6,311.9,-27,-12.9,-126.6,-13.8,211.9,670.9,-432.1,,,881.8,543.3,838.5,-20.1,-8.9,,,7,11,-2.3,5.3,0.8
2020/1/14,,,,514,,3.9,-13.6,313.1,-25.7,-12.6,-124.6,-12.1,213.7,672.9,-430.7,,,883.7,545.4,840.8,-17.6,-6.3,,,8.1,11.1,-1.5,4.1,1.5
2020/1/15,,,,512.9,,2.4,-14.5,311.8,-26.9,-13.3,-126,-13.4,212.3,671.6,-432.6,,,882.9,543.5,839.5,-18.9,-8.2,,,8.8,11.3,-1.9,6.6,4.8
2020/1/16,,,,514.1,,3.8,-13.2,313.2,-25.5,-12.4,-126.4,-14.1,212.9,672.3,-431.9,,,882.4,544.7,840.2,-19.3,-7.6,,,7.4,11.8,-2,7.4,2.1
2020/1/17,,,,513.4,,2.9,-14.1,312.5,-27.1,-12.8,-128.4,-17,213.6,671.3,-435.2,,,880.7,544,838.9,-20.9,-8.4,,,7.3,11.4,-2.3,6.4,1.1
2020/1/18,,,,513.2,,3,-14.4,312.8,-27.3,-12.5,-127.8,-15.1,212.8,672.4,-433.3,,,882.3,544.5,840.4,-21.6,-7.6,,,8,11.6,-1.3,5.4,1.6
2020/1/19,,,,512.2,,3.2,-15,312,-26.9,-12.7,-126.5,-15.8,212.6,672,-433.4,,,885.3,544,838.8,-22.2,-9.6,,,8.4,11.9,0.6,6,0.8
2020/1/20,,,,514.2,,3.8,-14.1,313.3,-25.8,-12.9,-124.4,-17.9,212.1,672.9,-433,,,883.9,544.1,839.9,-22.3,-9.1,,,9.2,12.2,-0.2,5.4,0.8
2020/1/21,,,,513.6,,2.7,-14.3,312.3,-26.7,-12.5,-124.7,-17.1,210.5,672.6,-437.4,,,881.8,544.9,839.7,-23.3,-8.9,,,9.5,10.7,0.1,6,-0.4
2020/1/22,,,,513.7,,3.3,-14.1,312.5,-26.4,-12.9,-126.7,-14.7,210.7,672.3,-437.1,,,880.2,544.8,839.7,-24.8,-8.7,,,7.5,10.6,-0.7,5.6,-0.1
2020/1/23,,,,513.9,,2.8,-14.1,313.2,-25.9,-12.7,-125.8,-16.1,211.8,673.3,-434.7,,,884,545.5,840.5,-22.2,-8.8,,,8,10.7,-1.8,5.9,0.1
2020/1/24,,,,515,,4,-13.4,313.3,-25.9,-12.3,-125.7,-17.4,211.5,673.7,-435.4,,,885.7,546.4,841.1,-22.3,-7.7,,,9.7,10.6,-0.6,5.5,2.4
2020/1/25,,,,514.3,,3,-14.2,313.3,-26.3,-13.2,-127.5,-19.8,209.9,673.4,-437.3,,,882.5,545.7,839.5,-23.8,-10.3,,,8.8,11.3,-2.2,4.7,0.3
2020/1/26,,,,513.7,,1.9,-15.3,312.9,-27.3,-13.8,-128.3,-19.1,209.6,673.4,-437.7,,,882.9,545.8,839.5,-25.3,-11.3,,,8,13.1,-2.5,4.6,-0.3
2020/1/27,,,,513.7,,1.9,-14.4,312.7,-27.2,-13.5,-126.7,-20.3,212.7,673.2,-437.4,,,881.9,544.3,840,-24.8,-10.4,,,7.9,10.7,-1.4,6.2,2.2
2020/1/28,,,,514.1,,2.5,-14,313,-26.9,-13.9,-126.8,-19.2,212.5,673.6,-436.1,,,882.5,544.3,840.4,-24.6,-10.8,,,9.1,11.2,-1,6.2,1.4
2020/1/29,,,,514.6,,2.6,-13.9,313.2,-26.7,-13.2,-126.9,-19.6,211.5,673.9,-437.7,,,884.5,545.9,840.4,-22.3,-9.9,,,8,10,-0.8,4.9,0.2
2020/1/30,,,,514.8,,2.9,-13.5,313.7,-26.9,-12.9,-126.3,-18.1,212.2,674,-437,,,883.9,545.4,840.2,-23.5,-10.1,,,9.1,10.8,-1.3,5.8,1.6
2020/1/31,,,,514.2,,1.8,-14.6,313.3,-27.9,-13.5,-127.1,-17.4,211.9,674,-437.4,,,884.3,545.5,840.2,-25,-11.1,,,8.3,12.6,-1.6,5.7,1
2020/2/1,,,,515.3,,3.2,-13.5,313.7,-25.8,-12.7,-124.6,-17.5,212.9,674.5,-435.5,,,886.2,546.3,841.4,-22.8,-9.3,,,7.5,11.1,-1.8,6.8,-0.5
2020/2/2,,,,515.3,,3.1,-13.7,313.7,-26.2,-12.9,-126.3,-17,211.4,674.2,-438,,,884.9,546.9,841.7,-22.7,-8.4,,,8.8,10.6,-0.3,6.5,-0.2
2020/2/3,,,,514.4,,2.4,-14.4,313.4,-26.8,-13.5,-127.5,-16.6,211.3,674.5,-437,,,884.9,546.1,841.4,-23,-9.2,,,9.6,10.8,-0.9,5.7,1.9
2020/2/4,,,,515.1,,2.8,-13.8,313.4,-26.5,-12.8,-126.7,-18.2,211.8,674.5,-439.2,,,884.1,546.4,842.1,-23.1,-9.1,,,9.8,11.7,-1.4,7.3,0.9
2020/2/5,,,,514.4,,1.9,-14.7,312.7,-28.1,-13.2,-128.7,-21.1,212.5,673.5,-442.5,,,882.4,545.7,840.8,-24.7,-9.9,,,9.7,11.3,-1.7,6.3,-0.1
2020/2/6,,,,516.1,,3.9,-12.4,314.9,-25.2,-12.7,-125.2,-16.9,213.5,676.3,-435.7,,,886.3,547.1,842.7,-22.2,-8.6,,,8,10.8,-2.1,9.6,2.5
2020/2/7,,,,516.4,,4.2,-12.4,315.1,-25.5,-12.8,-125,-17.6,211.6,675.4,-438.7,,,886,546.8,843.3,-22.9,-8.1,,,8.2,10.3,-1.7,9,2
2020/2/8,,,,516.5,,3.9,-11.8,314.7,-25.3,-12.9,-126,-18.6,212.6,675.6,-437.4,,,886.1,547,842.5,-22.6,-8.1,,,8.2,10.6,-0.1,7.9,1.8
2020/2/9,,,,516.7,,3.4,-11.8,315.4,-24.8,-12.7,-125.1,-20,213.7,676.6,-433,,,889.9,547.7,843.3,-20,-8.2,,,8.7,10.7,-1.2,8.2,2
2020/2/10,,,,516.4,,4.2,-13,315,-25.1,-11.8,-124.6,-13.6,216.6,676.7,-429.2,,,888.5,547.5,842.6,-20.5,-8.5,,,8.9,10.2,-1.7,8.7,1.7
2020/2/11,,,,516.1,,3.4,-13.4,314.4,-25.7,-12.5,-125.4,-15.4,215.9,676.3,-429.8,,,887.1,547.3,842.5,-21.4,-8.8,,,9.1,11.4,-2.4,8,1.9
2020/2/12,,,,517.1,,3.2,-12.8,315.2,-26.1,-12.3,-126.7,-14.7,216.1,676.7,-429.7,,,884.1,547.8,844.1,-20.8,-6.8,,,8.7,11.1,-4.3,7.4,2.7
2020/2/13,,,,515.5,,2.7,-14.1,314.4,-26.7,-14.5,-123.6,-16.5,215.3,675.5,-430.3,,,886.7,546.6,842.2,-22.5,-9.3,,,8.7,11.6,-2,9.1,1.9
2020/2/14,,,,515.7,,3.2,-13.6,314.2,-26.2,-13,-123.9,-16.9,215.1,675.7,-429.1,,,886.8,546.6,842.3,-22,-10,,,8.6,11.5,-1.5,7.1,2.6
2020/2/15,,,,516.8,,4.2,-12.6,315.3,-25.3,-12.6,-125.1,-16.2,216.6,676.6,-428.8,,,889.1,548.3,843.2,-21.5,-8.5,,,9.2,11.1,-1.8,7.6,2.6
2020/2/16,,,,516.9,,3.9,-12.9,315.5,-25,-12.5,-125.1,-16.8,214.8,677.2,-429.6,,,887.7,548,843.5,-21.9,-8.9,,,6.5,10,-0.5,7.9,2.6
2020/2/17,,,,516.4,,3.6,-13.7,314.7,-25.9,-13.1,-125.5,-15.3,214.1,676.6,-428.6,,,887.1,547,843.1,-21.9,-9.4,,,10.5,10.9,-1.7,7.6,0.3
2020/2/18,,,,516.5,,3.2,-12.7,315,-25.1,-12.9,-126.2,-14.6,213.9,676.6,-428.5,,,888.3,546.1,843.7,-21.1,-9,,,10.3,11.4,-1.8,8,0.2
2020/2/19,,,,518,,3.6,-11.1,316.3,-24.1,-13,-126.2,-16.2,215.7,677.9,-429.8,,,890,549.3,844.3,-21.6,-8.5,,,7.7,9.9,-2.8,7.8,3.6
2020/2/20,,,,516.8,,3.2,-13.1,315.1,-25.9,-13,-124.7,-14.5,214.7,676.8,-430.5,,,887.4,547.8,843.3,-21.7,-9.7,,,8.4,10.3,-0.3,7.6,0.7
2020/2/21,,,,516.3,,2.6,-11.4,314.7,-25.9,-12.1,-124.9,-15.4,214,676.3,-428.7,,,887.9,547,844.7,-20.6,-8.3,,,8.1,11.3,-0.7,8.7,2.3
2020/2/22,,,,516.8,,3.2,-13.5,315.7,-26.1,-12.2,-125,-16.4,216.1,677.6,-431,,,888.2,547.7,843.2,-21.7,-10.7,,,10.4,12.1,-2.5,7.7,1.8
2020/2/23,,,,516.3,,3.4,-13.2,315.8,-26.4,-11.8,-128.7,-17.7,213.5,678.6,-434.6,,,887.8,549,844,-19.5,-9.1,,,10.3,11.5,-2.9,10.6,1.9
2020/2/24,,,,517.3,,4.1,-12.7,316,-25.8,-12.6,-125.7,-18.5,216,677.6,-430.1,,,888.1,548.7,843.9,-18.3,-7.7,,,7.7,11.2,-2.3,10.3,2.4
2020/2/25,,,,516.3,,3.9,-13.5,316.1,-26.5,-13,-125.4,-19.3,215.6,678.6,-431.6,,,888.7,549,845.3,-17.6,-6.6,,,9,12,-1.7,11.2,3.7
2020/2/26,,,,515.4,,3.7,-14.2,316.2,-27.1,-13.5,-123.2,-17.1,215.1,679.5,-430.1,,,889.3,549.4,846.8,-18.9,-5.6,,,10.3,12.8,-1.1,13.2,5
2020/2/27,,,,516.9,,2.7,-13.9,317.2,-25.4,-13.1,-121.6,-15.2,214.6,680.4,-427.9,,,891.5,550.4,846.8,-17.2,-8,,,8.7,11.6,-1.3,15.2,7.8
2020/2/28,,,,518.1,,4,-12.6,318.1,-24.5,-12.5,-120,-13,217.2,681.2,-425.3,,,893.1,551.7,847.7,-16.5,-5.6,,,9.5,13.5,-0.9,14.2,6.8
2020/2/29,,,,517.6,,5.5,-12.1,318.1,-25.1,-12.7,-123,-12.8,216.4,681.5,-429,,,891,552.2,848.2,-17.4,-6.3,,,9.7,12.9,-1.4,14.8,7.8
2020/3/1,,,,518.1,,4.6,-12.7,318.7,-24.7,-12.6,-121.4,-12.8,215.3,681.4,-427.3,,,889.9,551.6,848,-16.3,-5.8,,,9.9,13.9,-1.6,12.9,7.4
2020/3/2,,,,518,,4.1,-13.1,318.1,-25.4,-12.5,-124.4,-13.5,214.3,681.4,-430.2,,,888.6,552.4,848.3,-17.6,-6.8,,,10.6,13.8,-0.4,13.1,5.2
2020/3/3,,,,516.9,,3,-13.2,317.6,-26,-13.4,-126.9,-15.1,213.8,680.9,-433.4,,,887.2,549.9,846.5,-19.2,-7.2,,,9.4,13.4,-2.1,12.8,6.2
