观测日期,测点,X向累计位移量（顺、逆坡）(mm)
2017-03-13,HP02-24H,0.0
2017-03-14,HP02-24H,-0.09699999999999999
2017-03-15,HP02-24H,0.523
2017-03-16,HP02-24H,1.091
2017-03-17,HP02-24H,0.054000000000000006
2017-03-18,HP02-24H,0.991
2017-03-19,HP02-24H,1.274
2017-03-20,HP02-24H,1.5959999999999999
2017-03-22,HP02-24H,1.614
2017-03-23,HP02-24H,1.3619999999999999
2017-03-24,HP02-24H,2.11
2017-03-25,HP02-24H,1.601
2017-03-26,HP02-24H,1.476
2017-03-27,HP02-24H,2.639
2017-03-28,HP02-24H,2.7769999999999997
2017-03-29,HP02-24H,3.378
2017-03-30,HP02-24H,3.6860000000000004
2017-03-31,HP02-24H,3.25
2017-04-01,HP02-24H,3.4130000000000003
2017-04-02,HP02-24H,3.321
2017-04-05,HP02-24H,4.798
2017-04-06,HP02-24H,5.817
2017-04-07,HP02-24H,5.664
2017-04-08,HP02-24H,6.747000000000001
2017-04-13,HP02-24H,6.692
2017-04-14,HP02-24H,6.531000000000001
2017-04-15,HP02-24H,8.104
2017-04-16,HP02-24H,7.8
2017-04-17,HP02-24H,6.129
2017-04-18,HP02-24H,8.037
2017-04-19,HP02-24H,7.0120000000000005
2017-04-20,HP02-24H,8.515
2017-04-21,HP02-24H,7.04
2017-04-22,HP02-24H,8.338
2017-04-23,HP02-24H,9.181000000000001
2017-04-24,HP02-24H,8.655
2017-04-25,HP02-24H,9.607999999999999
2017-04-26,HP02-24H,9.672
2017-04-27,HP02-24H,10.356
2017-04-28,HP02-24H,9.373
2017-04-29,HP02-24H,10.899000000000001
2017-04-30,HP02-24H,10.689
2017-05-01,HP02-24H,10.520999999999999
2017-05-02,HP02-24H,10.571
2017-05-03,HP02-24H,11.710999999999999
2017-05-04,HP02-24H,12.277999999999999
2017-05-05,HP02-24H,11.47
2017-05-06,HP02-24H,10.409
2017-05-07,HP02-24H,11.907
2017-05-08,HP02-24H,10.329
2017-05-09,HP02-24H,11.322000000000001
2017-05-10,HP02-24H,12.283
2017-05-11,HP02-24H,13.307
2017-05-12,HP02-24H,12.387
2017-05-13,HP02-24H,14.115
2017-05-14,HP02-24H,13.142999999999999
2017-05-15,HP02-24H,13.860999999999999
2017-05-16,HP02-24H,12.85
2017-05-17,HP02-24H,15.925
2017-05-18,HP02-24H,14.759
2017-05-19,HP02-24H,15.065
2017-05-20,HP02-24H,14.607000000000001
2017-05-21,HP02-24H,15.751
2017-05-22,HP02-24H,15.463
2017-05-23,HP02-24H,15.776
2017-05-24,HP02-24H,15.452
2017-05-25,HP02-24H,16.113
2017-05-26,HP02-24H,15.808
2017-05-27,HP02-24H,17.46
2017-05-28,HP02-24H,17.587
2017-05-29,HP02-24H,15.879000000000001
2017-05-30,HP02-24H,16.2345
2017-06-01,HP02-24H,18.489
2017-06-02,HP02-24H,17.218
2017-06-03,HP02-24H,18.422
2017-06-04,HP02-24H,19.034000000000002
2017-06-05,HP02-24H,19.084
2017-06-06,HP02-24H,19.907
2017-06-07,HP02-24H,19.236
2017-06-08,HP02-24H,19.767
2017-06-09,HP02-24H,19.832
2017-06-10,HP02-24H,21.204
2017-06-11,HP02-24H,21.068
2017-06-12,HP02-24H,22.146
2017-06-13,HP02-24H,21.41
2017-06-14,HP02-24H,21.439
2017-06-15,HP02-24H,20.899
2017-06-16,HP02-24H,20.519000000000002
2017-06-17,HP02-24H,23.293000000000003
2017-06-18,HP02-24H,22.636
2017-06-19,HP02-24H,23.811999999999998
2017-06-20,HP02-24H,23.619
2017-06-21,HP02-24H,25.645
2017-06-22,HP02-24H,26.025
2017-06-23,HP02-24H,23.662
2017-06-24,HP02-24H,25.56
2017-06-25,HP02-24H,25.921
2017-06-26,HP02-24H,26.816
2017-06-27,HP02-24H,29.131999999999998
2017-06-28,HP02-24H,29.055
2017-06-29,HP02-24H,28.866999999999997
2017-06-30,HP02-24H,29.424
2017-07-03,HP02-24H,30.085
2017-07-04,HP02-24H,29.468000000000004
2017-07-06,HP02-24H,31.691999999999997
2017-07-07,HP02-24H,34.358000000000004
2017-07-08,HP02-24H,34.188
2017-07-09,HP02-24H,36.37
2017-07-10,HP02-24H,36.355
2017-07-11,HP02-24H,37.535
2017-07-12,HP02-24H,41.31100000000001
2017-07-14,HP02-24H,47.858999999999995
2017-07-15,HP02-24H,51.867
2017-07-16,HP02-24H,58.87
2017-07-17,HP02-24H,71.509
2017-07-18,HP02-24H,93.124
2017-07-19,HP02-24H,133.766
2017-07-20,HP02-24H,191.143
2017-07-21,HP02-24H,259.433
2017-07-22,HP02-24H,329.211
2017-07-23,HP02-24H,395.524
2017-07-24,HP02-24H,460.19699999999995
2017-07-25,HP02-24H,521.9169999999999
2017-07-26,HP02-24H,576.08
2017-07-27,HP02-24H,632.29
2017-07-28,HP02-24H,681.2239999999999
2017-07-29,HP02-24H,727.678
2017-07-30,HP02-24H,771.367
2017-07-31,HP02-24H,806.6260000000001
2017-08-01,HP02-24H,842.883
2017-08-02,HP02-24H,883.0980000000001
2017-08-03,HP02-24H,914.605
2017-08-04,HP02-24H,951.428
2017-08-05,HP02-24H,987.28
2017-08-06,HP02-24H,1023.3889999999999
2017-08-07,HP02-24H,1058.9589999999998
2017-08-08,HP02-24H,1090.598
2017-08-09,HP02-24H,1136.473
2017-08-11,HP02-24H,1192.683
2017-08-12,HP02-24H,1227.269
2017-08-13,HP02-24H,1265.47
2017-08-14,HP02-24H,1301.188
2017-08-15,HP02-24H,1332.944
2017-08-16,HP02-24H,1368.0279999999998
2017-08-17,HP02-24H,1401.9170000000001
2017-08-18,HP02-24H,1436.092
2017-08-19,HP02-24H,1474.172
2017-08-20,HP02-24H,1517.205
2017-08-22,HP02-24H,1624.1779999999999
2017-08-23,HP02-24H,1673.5
2017-08-24,HP02-24H,1740.5620000000001
2017-08-25,HP02-24H,1809.58
2017-08-26,HP02-24H,1878.3729999999998
2017-08-27,HP02-24H,1955.504
2017-08-28,HP02-24H,2040.031
2017-08-29,HP02-24H,2122.429
2017-08-30,HP02-24H,2215.631
2017-09-01,HP02-24H,2459.165
2017-09-02,HP02-24H,2614.448
2017-09-03,HP02-24H,2780.298
2017-09-04,HP02-24H,2943.518
2017-09-05,HP02-24H,3078.0229999999997
2017-09-06,HP02-24H,3209.263
2017-09-07,HP02-24H,3329.466
2017-09-08,HP02-24H,3443.495
2017-09-09,HP02-24H,3548.759
2017-09-10,HP02-24H,3647.258
2017-09-11,HP02-24H,3745.722
2017-09-12,HP02-24H,3840.4709999999995
2017-09-13,HP02-24H,3921.65
2017-09-14,HP02-24H,4002.345
2017-09-15,HP02-24H,4081.407
2017-09-16,HP02-24H,4142.486
2017-09-17,HP02-24H,4200.645
2017-09-18,HP02-24H,4264.983
2017-09-19,HP02-24H,4330.73
2017-09-20,HP02-24H,4391.496
2017-09-21,HP02-24H,4452.6140000000005
2017-09-22,HP02-24H,4522.98
2017-09-24,HP02-24H,4664.981
2017-09-25,HP02-24H,4745.944
2017-09-26,HP02-24H,4831.221
2017-09-27,HP02-24H,4919.316
2017-09-28,HP02-24H,5007.88
2017-09-29,HP02-24H,5090.465999999999
2017-09-30,HP02-24H,5187.710999999999
2017-10-01,HP02-24H,5257.736
2017-10-02,HP02-24H,5340.486999999999
2017-10-03,HP02-24H,5420.7
2017-10-04,HP02-24H,5493.773
2017-10-05,HP02-24H,5570.556
2017-10-06,HP02-24H,5644.626
2017-10-07,HP02-24H,5719.039000000001
2017-10-08,HP02-24H,5788.4619999999995
2017-10-09,HP02-24H,5861.956999999999
2017-10-10,HP02-24H,5926.503000000001
2017-10-11,HP02-24H,5990.571999999999
2017-10-12,HP02-24H,6051.416
2017-10-13,HP02-24H,6110.319
2017-10-14,HP02-24H,6171.593000000001
2017-10-15,HP02-24H,6229.691999999999
2017-10-16,HP02-24H,6285.01
2017-10-17,HP02-24H,6340.545
2017-10-18,HP02-24H,6398.099
2017-10-19,HP02-24H,6451.329000000001
2017-10-20,HP02-24H,6501.033
2017-10-23,HP02-24H,6645.724
2017-10-24,HP02-24H,6694.025
2017-10-25,HP02-24H,6740.19
2017-10-26,HP02-24H,6783.404
2017-10-28,HP02-24H,6872.004
2017-10-29,HP02-24H,6916.494000000001
2017-10-30,HP02-24H,6957.539000000001
2017-10-31,HP02-24H,6995.175
2017-11-01,HP02-24H,7033.815
2017-11-02,HP02-24H,7070.794
2017-11-03,HP02-24H,7105.206
2017-11-04,HP02-24H,7140.345
2017-11-05,HP02-24H,7170.816999999999
2017-11-06,HP02-24H,7200.204000000001
2017-11-07,HP02-24H,7230.845
2017-11-08,HP02-24H,7259.813
2017-11-09,HP02-24H,7288.829000000001
2017-11-10,HP02-24H,7317.568
2017-11-11,HP02-24H,7344.224
2017-11-12,HP02-24H,7371.012
2017-11-13,HP02-24H,7397.205
2017-11-14,HP02-24H,7425.264
2017-11-15,HP02-24H,7450.661
2017-11-16,HP02-24H,7476.786999999999
2017-11-17,HP02-24H,7502.73
2017-11-18,HP02-24H,7526.321
2017-11-19,HP02-24H,7550.436
2017-11-20,HP02-24H,7574.416
2017-11-21,HP02-24H,7596.451
2017-11-22,HP02-24H,7614.090999999999
2017-11-23,HP02-24H,7631.056
2017-11-24,HP02-24H,7647.303000000001
2017-11-25,HP02-24H,7660.314
2017-11-26,HP02-24H,7673.504
2017-11-27,HP02-24H,7684.293000000001
2017-11-28,HP02-24H,7693.693
2017-11-29,HP02-24H,7703.51
2017-11-30,HP02-24H,7711.3730000000005
2017-12-01,HP02-24H,7717.66
2017-12-02,HP02-24H,7724.054
2017-12-03,HP02-24H,7729.8859999999995
2017-12-04,HP02-24H,7733.649
2017-12-05,HP02-24H,7738.505
2017-12-06,HP02-24H,7741.576
2017-12-07,HP02-24H,7743.723000000001
2017-12-08,HP02-24H,7747.116999999999
2017-12-09,HP02-24H,7749.210999999999
2017-12-10,HP02-24H,7750.988
2017-12-11,HP02-24H,7752.427
2017-12-12,HP02-24H,7753.198
2017-12-13,HP02-24H,7754.6269999999995
2017-12-14,HP02-24H,7755.682
2017-12-15,HP02-24H,7756.993
2017-12-16,HP02-24H,7758.253000000001
2017-12-17,HP02-24H,7758.84
2017-12-18,HP02-24H,7789.172
2017-12-19,HP02-24H,7759.385
2017-12-20,HP02-24H,7759.669
2017-12-21,HP02-24H,7760.101
2017-12-22,HP02-24H,7761.085999999999
2017-12-23,HP02-24H,7761.033
2017-12-24,HP02-24H,7761.741999999999
2017-12-25,HP02-24H,7762.496
2017-12-26,HP02-24H,7762.369000000001
2017-12-27,HP02-24H,7762.049
2017-12-28,HP02-24H,7763.1669999999995
2017-12-29,HP02-24H,7762.979
2017-12-30,HP02-24H,7764.005999999999
2017-12-31,HP02-24H,7764.6359999999995
2018-01-01,HP02-24H,7764.468000000001
2018-01-02,HP02-24H,7764.835
2018-01-03,HP02-24H,7765.25
2018-01-04,HP02-24H,7765.838000000001
2018-01-05,HP02-24H,7766.225
2018-01-06,HP02-24H,7765.35
2018-01-09,HP02-24H,7767.3730000000005
2018-01-10,HP02-24H,7766.733
2018-01-11,HP02-24H,7767.744000000001
2018-01-12,HP02-24H,7767.0740000000005
2018-01-13,HP02-24H,7767.633000000001
2018-01-14,HP02-24H,7767.98
2018-01-15,HP02-24H,7768.065
2018-01-16,HP02-24H,7769.594
2018-01-17,HP02-24H,7770.6230000000005
2018-01-18,HP02-24H,7768.969
2018-01-19,HP02-24H,7770.53
2018-01-20,HP02-24H,7769.968000000001
2018-01-21,HP02-24H,7770.714
2018-01-22,HP02-24H,7771.275
2018-02-07,HP02-24H,7775.456999999999
2018-02-27,HP02-24H,7781.3769999999995
2018-03-03,HP02-24H,7780.934
2018-03-08,HP02-24H,7783.71
2018-03-09,HP02-24H,7782.670999999999
2018-03-10,HP02-24H,7783.338000000001
2018-03-11,HP02-24H,7784.486
2018-03-12,HP02-24H,7784.0869999999995
2018-03-13,HP02-24H,7785.751
2018-03-14,HP02-24H,7784.325
2018-03-15,HP02-24H,7784.236
2018-03-16,HP02-24H,7785.857
2018-03-17,HP02-24H,7787.335999999999
2018-03-18,HP02-24H,7785.762
2018-03-19,HP02-24H,7786.651
2018-03-20,HP02-24H,7785.9890000000005
2018-03-21,HP02-24H,7786.423000000001
2018-03-22,HP02-24H,7787.169
2018-03-23,HP02-24H,7786.694
2018-03-24,HP02-24H,7788.3859999999995
2018-03-25,HP02-24H,7786.729
2018-03-26,HP02-24H,7787.25
2018-03-27,HP02-24H,7789.31
2018-03-28,HP02-24H,7788.052
2018-03-29,HP02-24H,7788.765
2018-03-30,HP02-24H,7789.339
2018-04-01,HP02-24H,7789.026999999999
2018-04-02,HP02-24H,7789.265
2018-04-03,HP02-24H,7788.976
2018-04-04,HP02-24H,7789.446999999999
2018-04-05,HP02-24H,7789.018
2018-04-06,HP02-24H,7790.816999999999
2018-04-07,HP02-24H,7791.9980000000005
2018-04-08,HP02-24H,7789.946
2018-04-09,HP02-24H,7790.4490000000005
2018-04-10,HP02-24H,7789.859
2018-04-11,HP02-24H,7791.161
2018-04-16,HP02-24H,7791.854
2018-04-17,HP02-24H,7792.533
2018-04-18,HP02-24H,7791.444
2018-04-19,HP02-24H,7792.611999999999
2018-04-20,HP02-24H,7793.772
2018-04-21,HP02-24H,7794.215999999999
2018-04-22,HP02-24H,7796.234
2018-04-23,HP02-24H,7794.674
2018-04-24,HP02-24H,7794.486
2018-04-25,HP02-24H,7794.618
2018-04-26,HP02-24H,7794.569
2018-04-27,HP02-24H,7794.986999999999
2018-04-28,HP02-24H,7795.8769999999995
2018-04-29,HP02-24H,7795.191999999999
2018-04-30,HP02-24H,7796.668000000001
2018-05-01,HP02-24H,7796.232
2018-05-02,HP02-24H,7796.17
2018-05-03,HP02-24H,7795.923000000001
2018-05-04,HP02-24H,7795.611999999999
2018-05-05,HP02-24H,7797.119000000001
2018-05-06,HP02-24H,7798.130999999999
2018-05-07,HP02-24H,7796.545
2018-05-08,HP02-24H,7797.472
2018-05-09,HP02-24H,7797.922
2018-05-10,HP02-24H,7797.814
2018-05-11,HP02-24H,7798.486
2018-05-12,HP02-24H,7797.714
2018-05-13,HP02-24H,7797.335999999999
2018-05-14,HP02-24H,7797.3009999999995
2018-05-15,HP02-24H,7798.951
2018-05-16,HP02-24H,7798.578
2018-05-17,HP02-24H,7799.234
2018-05-18,HP02-24H,7799.375
2018-05-19,HP02-24H,7800.698
2018-05-20,HP02-24H,7800.379
2018-05-21,HP02-24H,7802.063
2018-05-22,HP02-24H,7802.066
2018-05-23,HP02-24H,7801.249
2018-05-24,HP02-24H,7801.9
2018-05-25,HP02-24H,7802.8640000000005
2018-05-26,HP02-24H,7802.448
2018-05-27,HP02-24H,7804.28
2018-05-28,HP02-24H,7804.709
2018-05-29,HP02-24H,7806.059
2018-05-30,HP02-24H,7805.585999999999
2018-05-31,HP02-24H,7807.339
2018-06-01,HP02-24H,7807.2609999999995
2018-06-02,HP02-24H,7809.351
2018-06-03,HP02-24H,7806.776999999999
2018-06-04,HP02-24H,7808.517
2018-06-05,HP02-24H,7808.991
2018-06-06,HP02-24H,7808.454000000001
2018-06-07,HP02-24H,7810.49
2018-06-08,HP02-24H,7811.4
2018-06-09,HP02-24H,7811.861
2018-06-10,HP02-24H,7813.814
2018-06-11,HP02-24H,7814.229
2018-06-12,HP02-24H,7813.875
2018-06-13,HP02-24H,7817.581999999999
2018-06-14,HP02-24H,7818.501
2018-06-15,HP02-24H,7818.929
2018-06-16,HP02-24H,7821.63
2018-06-17,HP02-24H,7825.876
2018-06-18,HP02-24H,7835.359
2018-06-19,HP02-24H,7861.07
2018-06-20,HP02-24H,7933.686
2018-06-21,HP02-24H,8093.483
2018-06-22,HP02-24H,8322.052
2018-06-23,HP02-24H,8566.259
2018-06-24,HP02-24H,8776.61
2018-06-25,HP02-24H,8975.072
2018-06-26,HP02-24H,9143.461
2018-06-27,HP02-24H,9319.938
2018-06-28,HP02-24H,9487.593
2018-06-29,HP02-24H,9656.046
2018-06-30,HP02-24H,9831.308
2018-07-01,HP02-24H,10018.254
2018-07-03,HP02-24H,10530.206
2018-07-04,HP02-24H,10706.145
2018-07-05,HP02-24H,10991.71
2018-07-06,HP02-24H,11341.543
2018-07-07,HP02-24H,11542.63
2018-07-08,HP02-24H,11768.253999999999
2018-07-09,HP02-24H,11985.753999999999
2018-07-10,HP02-24H,12181.612
2018-07-11,HP02-24H,12370.513
2018-07-12,HP02-24H,12553.025
2018-07-13,HP02-24H,12741.589
2018-07-14,HP02-24H,12907.332
2018-07-15,HP02-24H,13076.473999999998
2018-07-16,HP02-24H,13244.002
2018-07-17,HP02-24H,13403.377
2018-07-18,HP02-24H,13599.091
2018-07-19,HP02-24H,13818.341
2018-07-20,HP02-24H,14042.046999999999
2018-07-21,HP02-24H,14256.79
2018-07-22,HP02-24H,14443.086000000001
2018-07-23,HP02-24H,14591.458
2018-07-24,HP02-24H,14738.198
2018-07-25,HP02-24H,14867.893999999998
2018-07-26,HP02-24H,14976.266000000001
2018-07-27,HP02-24H,15071.521
2018-08-02,HP02-24H,15755.638
2018-08-03,HP02-24H,15850.286
2018-08-04,HP02-24H,15956.991000000002
2018-08-05,HP02-24H,16049.98
2018-08-06,HP02-24H,16130.768
2018-08-09,HP02-24H,16300.412
2018-08-10,HP02-24H,16336.506000000001
2018-08-11,HP02-24H,16376.9
2018-08-14,HP02-24H,16627.463
2018-08-15,HP02-24H,16522.397
2018-08-16,HP02-24H,16561.496
2018-08-17,HP02-24H,16606.334
2018-08-18,HP02-24H,16648.703999999998
2018-08-19,HP02-24H,16690.683999999997
2018-08-20,HP02-24H,16728.429
2018-08-25,HP02-24H,16857.659
2018-08-26,HP02-24H,16874.077
2018-08-27,HP02-24H,16887.183999999997
2018-08-28,HP02-24H,16900.396
2018-08-29,HP02-24H,16910.908
2018-08-30,HP02-24H,16919.692
2018-08-31,HP02-24H,16926.203999999998
2018-09-01,HP02-24H,16935.147
2018-09-02,HP02-24H,16942.153000000002
2018-09-03,HP02-24H,16945.053
2018-09-04,HP02-24H,16953.471
2018-09-05,HP02-24H,16959.44
2018-09-06,HP02-24H,16973.729
2018-09-07,HP02-24H,17016.092
2018-09-08,HP02-24H,17130.895
2018-09-09,HP02-24H,17323.298
2018-09-10,HP02-24H,17529.478
2018-09-11,HP02-24H,17687.984
2018-09-12,HP02-24H,17826.247
2018-09-13,HP02-24H,17938.701
2018-09-15,HP02-24H,18120.953999999998
2018-09-16,HP02-24H,18184.953999999998
2018-09-17,HP02-24H,18231.12
2018-09-18,HP02-24H,18264.81
2018-09-19,HP02-24H,18287.7
2018-09-20,HP02-24H,18306.75
2018-09-21,HP02-24H,18321.288
2018-09-22,HP02-24H,18331.067
2018-09-23,HP02-24H,18340.543
2018-09-24,HP02-24H,18346.87
2018-09-25,HP02-24H,18353.753
2018-09-26,HP02-24H,18358.377
2018-09-27,HP02-24H,18363.444
2018-09-28,HP02-24H,18366.914
2018-09-29,HP02-24H,18369.471
2018-09-30,HP02-24H,18371.68
2018-10-01,HP02-24H,18371.478
2018-10-02,HP02-24H,18374.398
2018-10-03,HP02-24H,18376.124
2018-10-04,HP02-24H,18376.585
2018-10-05,HP02-24H,18376.727
2018-10-06,HP02-24H,18378.395
2018-10-07,HP02-24H,18379.218999999997
2018-10-08,HP02-24H,18379.741
2018-10-12,HP02-24H,18384.868000000002
2018-10-13,HP02-24H,18381.881
2018-10-14,HP02-24H,18382.224
2018-10-15,HP02-24H,18382.814
2018-10-16,HP02-24H,18384.18
2018-10-17,HP02-24H,18383.768
2018-10-20,HP02-24H,18385.293999999998
2018-10-21,HP02-24H,18384.122
2018-10-22,HP02-24H,18385.139
2018-10-23,HP02-24H,18386.16
2018-10-24,HP02-24H,18385.787
2018-10-27,HP02-24H,18386.358
2018-10-28,HP02-24H,18386.441000000003
2018-10-29,HP02-24H,18387.44
2018-10-30,HP02-24H,18389.421000000002
2018-10-31,HP02-24H,18388.197
2018-11-01,HP02-24H,18388.417
2018-11-02,HP02-24H,18388.453
2018-11-03,HP02-24H,18388.74
2018-11-04,HP02-24H,18389.761000000002
2018-11-05,HP02-24H,18390.892
2018-11-06,HP02-24H,18390.293999999998
2018-11-07,HP02-24H,18390.182
2018-11-09,HP02-24H,18389.741
2018-11-10,HP02-24H,18391.343
2018-11-11,HP02-24H,18391.778000000002
2018-11-12,HP02-24H,18391.12
2018-11-13,HP02-24H,18392.24
2018-11-14,HP02-24H,18392.607
2018-11-15,HP02-24H,18392.69
2018-11-16,HP02-24H,18393.16
2018-11-17,HP02-24H,18393.357
2018-11-18,HP02-24H,18393.48
2018-11-19,HP02-24H,18393.284
2018-11-20,HP02-24H,18392.833
2018-11-21,HP02-24H,18392.943
2018-11-22,HP02-24H,18393.552
2018-11-23,HP02-24H,18394.333
2018-11-24,HP02-24H,18393.354
2018-11-25,HP02-24H,18394.425
2018-11-26,HP02-24H,18393.914
2018-11-27,HP02-24H,18394.013
2018-11-28,HP02-24H,18394.392
2018-11-29,HP02-24H,18394.235
2018-12-02,HP02-24H,18396.361
2018-12-03,HP02-24H,18395.606
2018-12-04,HP02-24H,18395.827
2018-12-05,HP02-24H,18396.021
2018-12-06,HP02-24H,18396.698
2018-12-07,HP02-24H,18397.181
2018-12-08,HP02-24H,18397.028000000002
2018-12-09,HP02-24H,18396.022
2018-12-10,HP02-24H,18397.668
2018-12-11,HP02-24H,18396.73
2018-12-12,HP02-24H,18398.256
2018-12-13,HP02-24H,18397.793
2018-12-14,HP02-24H,18397.965
2018-12-15,HP02-24H,18397.64
2018-12-16,HP02-24H,18397.951
2018-12-17,HP02-24H,18398.659
2018-12-18,HP02-24H,18398.441000000003
2018-12-19,HP02-24H,18399.117
2018-12-20,HP02-24H,18399.631999999998
2018-12-21,HP02-24H,18400.033
2018-12-22,HP02-24H,18400.153000000002
2018-12-23,HP02-24H,18400.621
2018-12-24,HP02-24H,18400.616
2018-12-25,HP02-24H,18400.788
2018-12-26,HP02-24H,18401.745
2018-12-27,HP02-24H,18401.893
2018-12-28,HP02-24H,18402.398999999998
2018-12-29,HP02-24H,18403.15
2018-12-30,HP02-24H,18403.037
2018-12-31,HP02-24H,18403.718
2019-01-01,HP02-24H,18403.7
2019-01-02,HP02-24H,18403.664
2019-01-03,HP02-24H,18403.787
2019-01-04,HP02-24H,18404.186999999998
2019-01-05,HP02-24H,18404.464
2019-01-06,HP02-24H,18404.682
2019-01-07,HP02-24H,18404.509
2019-01-08,HP02-24H,18405.248
2019-01-09,HP02-24H,18405.289
2019-01-10,HP02-24H,18405.729
2019-01-11,HP02-24H,18405.851000000002
2019-01-12,HP02-24H,18405.962
2019-01-13,HP02-24H,18405.776
2019-01-14,HP02-24H,18406.802
2019-01-15,HP02-24H,18406.74
2019-01-16,HP02-24H,18407.675
2019-01-17,HP02-24H,18407.218
2019-01-18,HP02-24H,18407.814
2019-01-19,HP02-24H,18407.778000000002
2019-01-20,HP02-24H,18407.889
2019-01-21,HP02-24H,18408.303
2019-01-22,HP02-24H,18408.656000000003
2019-01-23,HP02-24H,18408.889
2019-01-24,HP02-24H,18408.851000000002
2019-01-25,HP02-24H,18409.513
2019-01-26,HP02-24H,18410.256
2019-01-28,HP02-24H,18410.215
2019-01-29,HP02-24H,18410.279
2019-01-30,HP02-24H,18410.296000000002
2019-01-31,HP02-24H,18410.931
2019-02-01,HP02-24H,18410.72
2019-02-02,HP02-24H,18411.602
2019-02-03,HP02-24H,18411.508
2019-02-04,HP02-24H,18411.262
2019-02-05,HP02-24H,18412.215
2019-02-07,HP02-24H,18411.96
2019-02-08,HP02-24H,18412.845
2019-02-09,HP02-24H,18413.975
2019-02-10,HP02-24H,18413.572
2019-02-11,HP02-24H,18413.588
2019-02-12,HP02-24H,18413.754
2019-02-13,HP02-24H,18413.884
2019-02-14,HP02-24H,18414.258
2019-02-15,HP02-24H,18414.631999999998
2019-02-20,HP02-24H,18414.891
2019-02-21,HP02-24H,18415.192
2019-02-22,HP02-24H,18415.696
2019-02-23,HP02-24H,18415.729
2019-02-24,HP02-24H,18415.896
2019-02-25,HP02-24H,18415.976000000002
2019-02-26,HP02-24H,18416.332
2019-02-27,HP02-24H,18416.277
2019-02-28,HP02-24H,18416.608
2019-03-01,HP02-24H,18416.813000000002
2019-03-02,HP02-24H,18417.163
2019-03-03,HP02-24H,18417.332
2019-03-04,HP02-24H,18418.042
2019-03-05,HP02-24H,18417.617
2019-03-06,HP02-24H,18418.657
2019-03-07,HP02-24H,18418.21
2019-03-08,HP02-24H,18418.039
2019-03-09,HP02-24H,18419.144
2019-03-10,HP02-24H,18418.229
2019-03-11,HP02-24H,18420.558
2019-03-12,HP02-24H,18420.203
2019-03-13,HP02-24H,18419.39
2019-03-14,HP02-24H,18420.383
2019-03-15,HP02-24H,18420.237
2019-03-16,HP02-24H,18420.91
2019-03-17,HP02-24H,18421.139
2019-03-18,HP02-24H,18421.678
2019-03-19,HP02-24H,18421.095
2019-03-20,HP02-24H,18421.391
2019-03-21,HP02-24H,18420.933
2019-03-22,HP02-24H,18422.468999999997
2019-03-23,HP02-24H,18423.093999999997
2019-03-24,HP02-24H,18422.827
2019-03-25,HP02-24H,18422.973
2019-03-26,HP02-24H,18421.636000000002
2019-03-27,HP02-24H,18422.979
2019-03-28,HP02-24H,18423.101000000002
2019-03-29,HP02-24H,18424.18
2019-03-30,HP02-24H,18423.473
2019-03-31,HP02-24H,18422.898999999998
2019-04-01,HP02-24H,18424.173
2019-04-02,HP02-24H,18424.511000000002
2019-04-03,HP02-24H,18424.668
2019-04-04,HP02-24H,18425.265
2019-04-05,HP02-24H,18426.433
2019-04-06,HP02-24H,18425.64
2019-04-07,HP02-24H,18425.4
2019-04-08,HP02-24H,18423.135
2019-04-09,HP02-24H,18425.703
2019-04-11,HP02-24H,18425.483
2019-04-12,HP02-24H,18427.857
2019-04-13,HP02-24H,18427.221
2019-04-14,HP02-24H,18426.644
2019-04-15,HP02-24H,18427.116499999996
2019-04-18,HP02-24H,18427.142
2019-04-19,HP02-24H,18427.076
2019-04-21,HP02-24H,18428.441000000003
2019-04-22,HP02-24H,18429.164
2019-04-23,HP02-24H,18428.461
2019-04-24,HP02-24H,18429.145
2019-04-25,HP02-24H,18428.927
2019-04-26,HP02-24H,18428.475
2019-04-27,HP02-24H,18428.028000000002
2019-04-28,HP02-24H,18430.166
2019-04-29,HP02-24H,18430.862
2019-04-30,HP02-24H,18430.556
2019-05-01,HP02-24H,18430.512
2019-05-02,HP02-24H,18430.162
2019-05-03,HP02-24H,18431.31
2019-05-04,HP02-24H,18431.533
2019-05-05,HP02-24H,18431.49
2019-05-06,HP02-24H,18431.877
2019-05-07,HP02-24H,18431.273
2019-05-08,HP02-24H,18434.067
2019-05-09,HP02-24H,18433.445
2019-05-10,HP02-24H,18431.924
2019-05-11,HP02-24H,18432.593
2019-05-12,HP02-24H,18432.75
2019-05-13,HP02-24H,18432.494
2019-05-14,HP02-24H,18432.585
2019-05-15,HP02-24H,18432.598
2019-05-16,HP02-24H,18432.307
2019-05-17,HP02-24H,18433.377
2019-05-18,HP02-24H,18431.663
2019-05-19,HP02-24H,18433.252
2019-05-20,HP02-24H,18433.509
2019-05-21,HP02-24H,18433.692
2019-05-22,HP02-24H,18434.572
2019-05-23,HP02-24H,18433.428
2019-05-24,HP02-24H,18434.117
2019-05-25,HP02-24H,18434.988
2019-05-26,HP02-24H,18434.455
2019-05-27,HP02-24H,18436.388
2019-05-28,HP02-24H,18434.884
2019-05-29,HP02-24H,18434.466
2019-05-30,HP02-24H,18434.065
2019-05-31,HP02-24H,18435.147
2019-06-01,HP02-24H,18435.986
2019-06-02,HP02-24H,18435.069
2019-06-03,HP02-24H,18434.4
2019-06-04,HP02-24H,18434.666
2019-06-05,HP02-24H,18435.381999999998
2019-06-06,HP02-24H,18434.486
2019-06-07,HP02-24H,18436.418
2019-06-08,HP02-24H,18437.249
2019-06-09,HP02-24H,18436.513
2019-06-10,HP02-24H,18437.049
2019-06-11,HP02-24H,18436.73
2019-06-12,HP02-24H,18438.509
2019-06-13,HP02-24H,18437.303
2019-06-14,HP02-24H,18438.662
2019-06-15,HP02-24H,18437.361
2019-06-17,HP02-24H,18438.183999999997
2019-06-18,HP02-24H,18437.978
2019-06-19,HP02-24H,18438.661
2019-06-20,HP02-24H,18438.602
2019-06-21,HP02-24H,18439.413
2019-06-22,HP02-24H,18439.1735
2019-06-24,HP02-24H,18439.12
2019-06-25,HP02-24H,18439.363999999998
2019-06-26,HP02-24H,18439.156000000003
2019-06-27,HP02-24H,18439.666
2019-06-28,HP02-24H,18440.578
2019-06-29,HP02-24H,18439.168
2019-06-30,HP02-24H,18441.72
2019-07-01,HP02-24H,18439.293
2019-07-02,HP02-24H,18441.488999999998
2019-07-03,HP02-24H,18441.595
2019-07-04,HP02-24H,18442.231
2019-07-05,HP02-24H,18441.977
2019-07-06,HP02-24H,18441.325
2019-07-07,HP02-24H,18441.79
2019-07-08,HP02-24H,18442.729
2019-07-09,HP02-24H,18443.648
2019-07-10,HP02-24H,18444.05
2019-07-11,HP02-24H,18444.981
2019-07-12,HP02-24H,18445.42
2019-07-13,HP02-24H,18446.498
2019-07-14,HP02-24H,18447.788
2019-07-15,HP02-24H,18447.55
2019-07-16,HP02-24H,18447.564
2019-07-17,HP02-24H,18447.895
2019-07-18,HP02-24H,18448.858
2019-07-19,HP02-24H,18449.308
2019-07-20,HP02-24H,18449.811999999998
2019-07-21,HP02-24H,18449.346999999998
2019-07-22,HP02-24H,18452.317
2019-07-23,HP02-24H,18452.177
2019-07-24,HP02-24H,18452.354
2019-07-25,HP02-24H,18453.615
2019-07-26,HP02-24H,18453.035
2019-07-27,HP02-24H,18455.976000000002
2019-07-28,HP02-24H,18455.253
2019-07-29,HP02-24H,18459.207
2019-07-30,HP02-24H,18462.075
2019-07-31,HP02-24H,18463.289
2019-08-01,HP02-24H,18465.488
2019-08-02,HP02-24H,18471.571
2019-08-03,HP02-24H,18476.768
2019-08-04,HP02-24H,18483.129
2019-08-05,HP02-24H,18491.209
2019-08-06,HP02-24H,18497.587
2019-08-07,HP02-24H,18508.321
2019-08-08,HP02-24H,18517.113999999998
2019-08-09,HP02-24H,18524.341
2019-08-10,HP02-24H,18532.571
2019-08-11,HP02-24H,18539.259
2019-08-12,HP02-24H,18543.551
2019-08-13,HP02-24H,18550.948
2019-08-14,HP02-24H,18555.163
2019-08-15,HP02-24H,18556.663
2019-08-16,HP02-24H,18557.418
2019-08-17,HP02-24H,18558.788
2019-08-18,HP02-24H,18561.332
2019-08-19,HP02-24H,18563.208
2019-08-20,HP02-24H,18563.516
2019-08-21,HP02-24H,18564.962
2019-08-22,HP02-24H,18564.424
2019-08-23,HP02-24H,18566.504
2019-08-24,HP02-24H,18565.834
2019-08-25,HP02-24H,18568.234
2019-08-26,HP02-24H,18568.929
2019-08-27,HP02-24H,18571.561999999998
2019-08-28,HP02-24H,18570.473
2019-08-29,HP02-24H,18570.539
2019-08-30,HP02-24H,18572.415
2019-08-31,HP02-24H,18573.926
2019-09-01,HP02-24H,18573.906000000003
2019-09-02,HP02-24H,18574.97
2019-09-05,HP02-24H,18575.699
2019-09-06,HP02-24H,18576.849
2019-09-07,HP02-24H,18577.407
2019-09-08,HP02-24H,18576.104
2019-09-09,HP02-24H,18578.235
2019-09-10,HP02-24H,18578.546000000002
2019-09-11,HP02-24H,18577.367
2019-09-12,HP02-24H,18579.621
2019-09-13,HP02-24H,18580.36
2019-09-14,HP02-24H,18578.561999999998
2019-09-15,HP02-24H,18578.435
2019-09-16,HP02-24H,18579.407
2019-09-17,HP02-24H,18580.104
2019-09-18,HP02-24H,18580.029
2019-09-19,HP02-24H,18581.005
2019-09-20,HP02-24H,18581.209
2019-09-21,HP02-24H,18581.092
2019-09-22,HP02-24H,18580.631999999998
2019-09-23,HP02-24H,18582.378
2019-09-24,HP02-24H,18582.093999999997
2019-09-25,HP02-24H,18582.16
2019-09-26,HP02-24H,18581.627
2019-09-27,HP02-24H,18582.427
2019-09-28,HP02-24H,18581.713
2019-09-29,HP02-24H,18582.575
2019-09-30,HP02-24H,18584.036
2019-10-01,HP02-24H,18580.398999999998
2019-10-02,HP02-24H,18582.053
2019-10-03,HP02-24H,18583.791
2019-10-04,HP02-24H,18585.718
2019-10-05,HP02-24H,18584.9
2019-10-06,HP02-24H,18584.858
2019-10-07,HP02-24H,18585.206000000002
2019-10-09,HP02-24H,18584.945
